atoms = 387, total = 16999900220/1000000000 = 16.999900
net = 92161, B(1+D) = 0.999804493611 (< 1: True)
  dir 0/23041: min 1001219080/1000000000, global 1001219080/1000000000
  dir 60/23041: min 1001219080/1000000000, global 1001219080/1000000000
  dir 120/23041: min 1001219080/1000000000, global 1001219080/1000000000
  dir 180/23041: min 1001219080/1000000000, global 1001219080/1000000000
  dir 240/23041: min 1001219080/1000000000, global 1001219080/1000000000
  dir 300/23041: min 1001219080/1000000000, global 1001219080/1000000000
  dir 360/23041: min 1001219080/1000000000, global 1001219080/1000000000
  dir 420/23041: min 1001219080/1000000000, global 1001219080/1000000000
  dir 480/23041: min 1001219080/1000000000, global 1001219080/1000000000
  dir 540/23041: min 1001219080/1000000000, global 1001219080/1000000000
  dir 600/23041: min 1001219080/1000000000, global 1001219080/1000000000
  dir 660/23041: min 1001219080/1000000000, global 1001219080/1000000000
  dir 720/23041: min 1001219080/1000000000, global 1001219080/1000000000
  dir 780/23041: min 1001219080/1000000000, global 1001219080/1000000000
  dir 840/23041: min 1001219080/1000000000, global 1001219080/1000000000
  dir 900/23041: min 1001219080/1000000000, global 1001219080/1000000000
  dir 960/23041: min 1001219080/1000000000, global 1001219080/1000000000
  dir 1020/23041: min 1001219080/1000000000, global 1001219080/1000000000
  dir 1080/23041: min 1001219080/1000000000, global 1001219080/1000000000
  dir 1140/23041: min 1001219080/1000000000, global 1001219080/1000000000
  dir 1200/23041: min 1001219080/1000000000, global 1001219080/1000000000
  dir 1260/23041: min 1001219080/1000000000, global 1001219080/1000000000
  dir 1320/23041: min 1001219080/1000000000, global 1001219080/1000000000
  dir 1380/23041: min 1001219080/1000000000, global 1001219080/1000000000
  dir 1440/23041: min 1001219080/1000000000, global 1001219080/1000000000
  dir 1500/23041: min 1001219080/1000000000, global 1001219080/1000000000
  dir 1560/23041: min 1001219080/1000000000, global 1001219080/1000000000
  dir 1620/23041: min 1001219080/1000000000, global 1001219080/1000000000
  dir 1680/23041: min 1001219080/1000000000, global 1001219080/1000000000
  dir 1740/23041: min 1001219080/1000000000, global 1001219080/1000000000
  dir 1800/23041: min 1001219080/1000000000, global 1001219080/1000000000
  dir 1860/23041: min 1001219080/1000000000, global 1001219080/1000000000
  dir 1920/23041: min 1001219080/1000000000, global 1001219080/1000000000
  dir 1980/23041: min 1001219080/1000000000, global 1001219080/1000000000
  dir 2040/23041: min 1001219080/1000000000, global 1001219080/1000000000
  dir 2100/23041: min 1001219080/1000000000, global 1001219080/1000000000
  dir 2160/23041: min 1001219080/1000000000, global 1001219080/1000000000
  dir 2220/23041: min 1001219080/1000000000, global 1001219080/1000000000
  dir 2280/23041: min 1001219080/1000000000, global 1001219080/1000000000
  dir 2340/23041: min 1001219080/1000000000, global 1001219080/1000000000
  dir 2400/23041: min 1001219080/1000000000, global 1001219080/1000000000
  dir 2460/23041: min 1001219080/1000000000, global 1001219080/1000000000
  dir 2520/23041: min 1001219080/1000000000, global 1001219080/1000000000
  dir 2580/23041: min 1001219080/1000000000, global 1001219080/1000000000
  dir 2640/23041: min 1001219080/1000000000, global 1001219080/1000000000
  dir 2700/23041: min 1001219080/1000000000, global 1001219080/1000000000
  dir 2760/23041: min 1001219080/1000000000, global 1001219080/1000000000
  dir 2820/23041: min 1001219080/1000000000, global 1001219080/1000000000
  dir 2880/23041: min 1001219080/1000000000, global 1001219080/1000000000
  dir 2940/23041: min 1001219080/1000000000, global 1001219080/1000000000
  dir 3000/23041: min 1001219080/1000000000, global 1001219080/1000000000
  dir 3060/23041: min 1001219080/1000000000, global 1001219080/1000000000
  dir 3120/23041: min 1001219080/1000000000, global 1001219080/1000000000
  dir 3180/23041: min 1001219080/1000000000, global 1001219080/1000000000
  dir 3240/23041: min 1001219080/1000000000, global 1001219080/1000000000
  dir 3300/23041: min 1001219080/1000000000, global 1001219080/1000000000
  dir 3360/23041: min 1001219080/1000000000, global 1001219080/1000000000
  dir 3420/23041: min 1001219080/1000000000, global 1001219080/1000000000
  dir 3480/23041: min 1001219080/1000000000, global 1001219080/1000000000
  dir 3540/23041: min 1001219080/1000000000, global 1001219080/1000000000
  dir 3600/23041: min 1001219080/1000000000, global 1001219080/1000000000
  dir 3660/23041: min 1001219080/1000000000, global 1001219080/1000000000
  dir 3720/23041: min 1001219080/1000000000, global 1001219080/1000000000
  dir 3780/23041: min 1001219080/1000000000, global 1001219080/1000000000
  dir 3840/23041: min 1001219080/1000000000, global 1001219080/1000000000
  dir 3900/23041: min 1001219080/1000000000, global 1001219080/1000000000
  dir 3960/23041: min 1001219080/1000000000, global 1001219080/1000000000
  dir 4020/23041: min 1001219080/1000000000, global 1001219080/1000000000
  dir 4080/23041: min 1001219080/1000000000, global 1001219080/1000000000
  dir 4140/23041: min 1001219080/1000000000, global 1001219080/1000000000
  dir 4200/23041: min 1001219080/1000000000, global 1001219080/1000000000
  dir 4260/23041: min 1001219080/1000000000, global 1001219080/1000000000
  dir 4320/23041: min 1001219080/1000000000, global 1001219080/1000000000
  dir 4380/23041: min 1001219080/1000000000, global 1001219080/1000000000
  dir 4440/23041: min 1001219080/1000000000, global 1001219080/1000000000
  dir 4500/23041: min 1001219080/1000000000, global 1001219080/1000000000
  dir 4560/23041: min 1001219080/1000000000, global 1001219080/1000000000
  dir 4620/23041: min 1001219080/1000000000, global 1001219080/1000000000
  dir 4680/23041: min 1001219080/1000000000, global 1001219080/1000000000
  dir 4740/23041: min 1001219080/1000000000, global 1001219080/1000000000
  dir 4800/23041: min 1001219080/1000000000, global 1001219080/1000000000
  dir 4860/23041: min 1001219080/1000000000, global 1001219080/1000000000
  dir 4920/23041: min 1001219080/1000000000, global 1001219080/1000000000
  dir 4980/23041: min 1001219080/1000000000, global 1001219080/1000000000
  dir 5040/23041: min 1001219080/1000000000, global 1001219080/1000000000
  dir 5100/23041: min 1001219080/1000000000, global 1001219080/1000000000
  dir 5160/23041: min 1001219080/1000000000, global 1001219080/1000000000
  dir 5220/23041: min 1001219080/1000000000, global 1001219080/1000000000
  dir 5280/23041: min 1001219080/1000000000, global 1001219080/1000000000
  dir 5340/23041: min 1001219080/1000000000, global 1001219080/1000000000
  dir 5400/23041: min 1001219080/1000000000, global 1001219080/1000000000
  dir 5460/23041: min 1001219080/1000000000, global 1001219080/1000000000
  dir 5520/23041: min 1001219080/1000000000, global 1001219080/1000000000
  dir 5580/23041: min 1001219080/1000000000, global 1001219080/1000000000
  dir 5640/23041: min 1001219080/1000000000, global 1001219080/1000000000
  dir 5700/23041: min 1001219080/1000000000, global 1001219080/1000000000
  dir 5760/23041: min 1001219080/1000000000, global 1001219080/1000000000
  dir 5820/23041: min 1001219080/1000000000, global 1001219080/1000000000
  dir 5880/23041: min 1001219080/1000000000, global 1001219080/1000000000
  dir 5940/23041: min 1001219080/1000000000, global 1001219080/1000000000
  dir 6000/23041: min 1001219080/1000000000, global 1001219080/1000000000
  dir 6060/23041: min 1001219080/1000000000, global 1001219080/1000000000
  dir 6120/23041: min 1001219080/1000000000, global 1001219080/1000000000
  dir 6180/23041: min 1001219080/1000000000, global 1001219080/1000000000
  dir 6240/23041: min 1001219080/1000000000, global 1001219080/1000000000
  dir 6300/23041: min 1001219080/1000000000, global 1001219080/1000000000
  dir 6360/23041: min 1001219080/1000000000, global 1001219080/1000000000
  dir 6420/23041: min 1001219080/1000000000, global 1001219080/1000000000
  dir 6480/23041: min 1001219080/1000000000, global 1001219080/1000000000
  dir 6540/23041: min 1001219080/1000000000, global 1001219080/1000000000
  dir 6600/23041: min 1001219080/1000000000, global 1001219080/1000000000
  dir 6660/23041: min 1001219080/1000000000, global 1001219080/1000000000
  dir 6720/23041: min 1001219080/1000000000, global 1001219080/1000000000
  dir 6780/23041: min 1001219080/1000000000, global 1001219080/1000000000
  dir 6840/23041: min 1001219080/1000000000, global 1001219080/1000000000
  dir 6900/23041: min 1001219080/1000000000, global 1001219080/1000000000
  dir 6960/23041: min 1001219080/1000000000, global 1001219080/1000000000
  dir 7020/23041: min 1001219080/1000000000, global 1001219080/1000000000
  dir 7080/23041: min 1001219080/1000000000, global 1001219080/1000000000
  dir 7140/23041: min 1001219080/1000000000, global 1001219080/1000000000
  dir 7200/23041: min 1001219080/1000000000, global 1001219080/1000000000
  dir 7260/23041: min 1001219080/1000000000, global 1001219080/1000000000
  dir 7320/23041: min 1001219080/1000000000, global 1001219080/1000000000
  dir 7380/23041: min 1001219080/1000000000, global 1001219080/1000000000
  dir 7440/23041: min 1001219080/1000000000, global 1001219080/1000000000
  dir 7500/23041: min 1001219080/1000000000, global 1001219080/1000000000
  dir 7560/23041: min 1001219080/1000000000, global 1001219080/1000000000
  dir 7620/23041: min 1001219080/1000000000, global 1001219080/1000000000
  dir 7680/23041: min 1001219080/1000000000, global 1001219080/1000000000
  dir 7740/23041: min 1001219080/1000000000, global 1001219080/1000000000
  dir 7800/23041: min 1001219080/1000000000, global 1001219080/1000000000
  dir 7860/23041: min 1001219080/1000000000, global 1001219080/1000000000
  dir 7920/23041: min 1001219080/1000000000, global 1001219080/1000000000
  dir 7980/23041: min 1001219080/1000000000, global 1001219080/1000000000
  dir 8040/23041: min 1001219080/1000000000, global 1001219080/1000000000
  dir 8100/23041: min 1001219080/1000000000, global 1001219080/1000000000
  dir 8160/23041: min 1001219080/1000000000, global 1001219080/1000000000
  dir 8220/23041: min 1001219080/1000000000, global 1001219080/1000000000
  dir 8280/23041: min 1001219080/1000000000, global 1001219080/1000000000
  dir 8340/23041: min 1001219080/1000000000, global 1001219080/1000000000
  dir 8400/23041: min 1001219080/1000000000, global 1001219080/1000000000
  dir 8460/23041: min 1001219080/1000000000, global 1001219080/1000000000
  dir 8520/23041: min 1001219080/1000000000, global 1001219080/1000000000
  dir 8580/23041: min 1001219080/1000000000, global 1001219080/1000000000
  dir 8640/23041: min 1001219080/1000000000, global 1001219080/1000000000
  dir 8700/23041: min 1001219080/1000000000, global 1001219080/1000000000
  dir 8760/23041: min 1001219080/1000000000, global 1001219080/1000000000
  dir 8820/23041: min 1001219080/1000000000, global 1001219080/1000000000
  dir 8880/23041: min 1001219080/1000000000, global 1001219080/1000000000
  dir 8940/23041: min 1001219080/1000000000, global 1001219080/1000000000
  dir 9000/23041: min 1001219080/1000000000, global 1001219080/1000000000
  dir 9060/23041: min 1001219080/1000000000, global 1001219080/1000000000
  dir 9120/23041: min 1001219080/1000000000, global 1001219080/1000000000
  dir 9180/23041: min 1001219080/1000000000, global 1001219080/1000000000
  dir 9240/23041: min 1001219080/1000000000, global 1001219080/1000000000
  dir 9300/23041: min 1001219080/1000000000, global 1001219080/1000000000
  dir 9360/23041: min 1001219080/1000000000, global 1001219080/1000000000
  dir 9420/23041: min 1001219080/1000000000, global 1001219080/1000000000
  dir 9480/23041: min 1001219080/1000000000, global 1001219080/1000000000
  dir 9540/23041: min 1001219080/1000000000, global 1001219080/1000000000
  dir 9600/23041: min 1001219080/1000000000, global 1001219080/1000000000
  dir 9660/23041: min 1001219080/1000000000, global 1001219080/1000000000
  dir 9720/23041: min 1001219080/1000000000, global 1001219080/1000000000
  dir 9780/23041: min 1001219080/1000000000, global 1001219080/1000000000
  dir 9840/23041: min 1001219080/1000000000, global 1001219080/1000000000
  dir 9900/23041: min 1001219080/1000000000, global 1001219080/1000000000
  dir 9960/23041: min 1001219080/1000000000, global 1001219080/1000000000
  dir 10020/23041: min 1001219080/1000000000, global 1001219080/1000000000
  dir 10080/23041: min 1001219080/1000000000, global 1001219080/1000000000
  dir 10140/23041: min 1001219080/1000000000, global 1001219080/1000000000
  dir 10200/23041: min 1001219080/1000000000, global 1001219080/1000000000
  dir 10260/23041: min 1001219080/1000000000, global 1001219080/1000000000
  dir 10320/23041: min 1001219080/1000000000, global 1001219080/1000000000
  dir 10380/23041: min 1001219080/1000000000, global 1001219080/1000000000
  dir 10440/23041: min 1001219080/1000000000, global 1001219080/1000000000
  dir 10500/23041: min 1001219080/1000000000, global 1001219080/1000000000
  dir 10560/23041: min 1001219080/1000000000, global 1001219080/1000000000
  dir 10620/23041: min 1001219080/1000000000, global 1001219080/1000000000
  dir 10680/23041: min 1001219080/1000000000, global 1001219080/1000000000
  dir 10740/23041: min 1001219080/1000000000, global 1001219080/1000000000
  dir 10800/23041: min 1001219080/1000000000, global 1001219080/1000000000
  dir 10860/23041: min 1001219080/1000000000, global 1001219080/1000000000
  dir 10920/23041: min 1001219080/1000000000, global 1001219080/1000000000
  dir 10980/23041: min 1001219080/1000000000, global 1001219080/1000000000
  dir 11040/23041: min 1001219080/1000000000, global 1001219080/1000000000
  dir 11100/23041: min 1001219080/1000000000, global 1001219080/1000000000
  dir 11160/23041: min 1001219080/1000000000, global 1001219080/1000000000
  dir 11220/23041: min 1001219080/1000000000, global 1001219080/1000000000
  dir 11280/23041: min 1001219080/1000000000, global 1001219080/1000000000
  dir 11340/23041: min 1001219080/1000000000, global 1001219080/1000000000
  dir 11400/23041: min 1001219080/1000000000, global 1001219080/1000000000
  dir 11460/23041: min 1001219080/1000000000, global 1001219080/1000000000
  dir 11520/23041: min 1001219080/1000000000, global 1001219080/1000000000
  dir 11580/23041: min 1001219080/1000000000, global 1001219080/1000000000
  dir 11640/23041: min 1001219080/1000000000, global 1001219080/1000000000
  dir 11700/23041: min 1001219080/1000000000, global 1001219080/1000000000
  dir 11760/23041: min 1001219080/1000000000, global 1001219080/1000000000
  dir 11820/23041: min 1001219080/1000000000, global 1001219080/1000000000
  dir 11880/23041: min 1001219080/1000000000, global 1001219080/1000000000
  dir 11940/23041: min 1001219080/1000000000, global 1001219080/1000000000
  dir 12000/23041: min 1001219080/1000000000, global 1001219080/1000000000
  dir 12060/23041: min 1001219080/1000000000, global 1001219080/1000000000
  dir 12120/23041: min 1001219080/1000000000, global 1001219080/1000000000
  dir 12180/23041: min 1001219080/1000000000, global 1001219080/1000000000
  dir 12240/23041: min 1001219080/1000000000, global 1001219080/1000000000
  dir 12300/23041: min 1001219080/1000000000, global 1001219080/1000000000
  dir 12360/23041: min 1001219080/1000000000, global 1001219080/1000000000
  dir 12420/23041: min 1001219080/1000000000, global 1001219080/1000000000
  dir 12480/23041: min 1001219080/1000000000, global 1001219080/1000000000
  dir 12540/23041: min 1001219080/1000000000, global 1001219080/1000000000
  dir 12600/23041: min 1001219080/1000000000, global 1001219080/1000000000
  dir 12660/23041: min 1001219080/1000000000, global 1001219080/1000000000
  dir 12720/23041: min 1001219080/1000000000, global 1001219080/1000000000
  dir 12780/23041: min 1001219080/1000000000, global 1001219080/1000000000
  dir 12840/23041: min 1001219080/1000000000, global 1001219080/1000000000
  dir 12900/23041: min 1001219080/1000000000, global 1001219080/1000000000
  dir 12960/23041: min 1001219080/1000000000, global 1001219080/1000000000
  dir 13020/23041: min 1001219080/1000000000, global 1001219080/1000000000
  dir 13080/23041: min 1001219080/1000000000, global 1001219080/1000000000
  dir 13140/23041: min 1001219080/1000000000, global 1001219080/1000000000
  dir 13200/23041: min 1001219080/1000000000, global 1001219080/1000000000
  dir 13260/23041: min 1001219080/1000000000, global 1001219080/1000000000
  dir 13320/23041: min 1001219080/1000000000, global 1001219080/1000000000
  dir 13380/23041: min 1001219080/1000000000, global 1001219080/1000000000
  dir 13440/23041: min 1001219080/1000000000, global 1001219080/1000000000
  dir 13500/23041: min 1001219080/1000000000, global 1001219080/1000000000
  dir 13560/23041: min 1001219080/1000000000, global 1001219080/1000000000
  dir 13620/23041: min 1001219080/1000000000, global 1001219080/1000000000
  dir 13680/23041: min 1001219080/1000000000, global 1001219080/1000000000
  dir 13740/23041: min 1001219080/1000000000, global 1001219080/1000000000
  dir 13800/23041: min 1001219080/1000000000, global 1001219080/1000000000
  dir 13860/23041: min 1001219080/1000000000, global 1001219080/1000000000
  dir 13920/23041: min 1001219080/1000000000, global 1001219080/1000000000
  dir 13980/23041: min 1001219080/1000000000, global 1001219080/1000000000
  dir 14040/23041: min 1001219080/1000000000, global 1001219080/1000000000
  dir 14100/23041: min 1001219080/1000000000, global 1001219080/1000000000
  dir 14160/23041: min 1001219080/1000000000, global 1001219080/1000000000
  dir 14220/23041: min 1001219080/1000000000, global 1001219080/1000000000
  dir 14280/23041: min 1001219080/1000000000, global 1001219080/1000000000
  dir 14340/23041: min 1001219080/1000000000, global 1001219080/1000000000
  dir 14400/23041: min 1001219080/1000000000, global 1001219080/1000000000
  dir 14460/23041: min 1001219080/1000000000, global 1001219080/1000000000
  dir 14520/23041: min 1001219080/1000000000, global 1001219080/1000000000
  dir 14580/23041: min 1001219080/1000000000, global 1001219080/1000000000
  dir 14640/23041: min 1001219080/1000000000, global 1001219080/1000000000
  dir 14700/23041: min 1001219080/1000000000, global 1001219080/1000000000
  dir 14760/23041: min 1001219080/1000000000, global 1001219080/1000000000
  dir 14820/23041: min 1001219080/1000000000, global 1001219080/1000000000
  dir 14880/23041: min 1001219080/1000000000, global 1001219080/1000000000
  dir 14940/23041: min 1001219080/1000000000, global 1001219080/1000000000
  dir 15000/23041: min 1001219080/1000000000, global 1001219080/1000000000
  dir 15060/23041: min 1001219080/1000000000, global 1001219080/1000000000
  dir 15120/23041: min 1001219080/1000000000, global 1001219080/1000000000
  dir 15180/23041: min 1001219080/1000000000, global 1001219080/1000000000
  dir 15240/23041: min 1001219080/1000000000, global 1001219080/1000000000
  dir 15300/23041: min 1001219080/1000000000, global 1001219080/1000000000
  dir 15360/23041: min 1001219080/1000000000, global 1001219080/1000000000
  dir 15420/23041: min 1001219080/1000000000, global 1001219080/1000000000
  dir 15480/23041: min 1001219080/1000000000, global 1001219080/1000000000
  dir 15540/23041: min 1001219080/1000000000, global 1001219080/1000000000
  dir 15600/23041: min 1001219080/1000000000, global 1001219080/1000000000
  dir 15660/23041: min 1001219080/1000000000, global 1001219080/1000000000
  dir 15720/23041: min 1001219080/1000000000, global 1001219080/1000000000
  dir 15780/23041: min 1001219080/1000000000, global 1001219080/1000000000
  dir 15840/23041: min 1001219080/1000000000, global 1001219080/1000000000
  dir 15900/23041: min 1001219080/1000000000, global 1001219080/1000000000
  dir 15960/23041: min 1001219080/1000000000, global 1001219080/1000000000
  dir 16020/23041: min 1001219080/1000000000, global 1001219080/1000000000
  dir 16080/23041: min 1001219080/1000000000, global 1001219080/1000000000
  dir 16140/23041: min 1001219080/1000000000, global 1001219080/1000000000
  dir 16200/23041: min 1001219080/1000000000, global 1001219080/1000000000
  dir 16260/23041: min 1001219080/1000000000, global 1001219080/1000000000
  dir 16320/23041: min 1001219080/1000000000, global 1001219080/1000000000
  dir 16380/23041: min 1001219080/1000000000, global 1001219080/1000000000
  dir 16440/23041: min 1001219080/1000000000, global 1001219080/1000000000
  dir 16500/23041: min 1001219080/1000000000, global 1001219080/1000000000
  dir 16560/23041: min 1001219080/1000000000, global 1001219080/1000000000
  dir 16620/23041: min 1001219080/1000000000, global 1001219080/1000000000
  dir 16680/23041: min 1001219080/1000000000, global 1001219080/1000000000
  dir 16740/23041: min 1001219080/1000000000, global 1001219080/1000000000
  dir 16800/23041: min 1001219080/1000000000, global 1001219080/1000000000
  dir 16860/23041: min 1001219080/1000000000, global 1001219080/1000000000
  dir 16920/23041: min 1001219080/1000000000, global 1001219080/1000000000
  dir 16980/23041: min 1001219080/1000000000, global 1001219080/1000000000
  dir 17040/23041: min 1001219080/1000000000, global 1001219080/1000000000
  dir 17100/23041: min 1001219080/1000000000, global 1001219080/1000000000
  dir 17160/23041: min 1001219080/1000000000, global 1001219080/1000000000
  dir 17220/23041: min 1001219080/1000000000, global 1001219080/1000000000
  dir 17280/23041: min 1001219080/1000000000, global 1001219080/1000000000
  dir 17340/23041: min 1001219080/1000000000, global 1001219080/1000000000
  dir 17400/23041: min 1001219080/1000000000, global 1001219080/1000000000
  dir 17460/23041: min 1001219080/1000000000, global 1001219080/1000000000
  dir 17520/23041: min 1001219080/1000000000, global 1001219080/1000000000
  dir 17580/23041: min 1001219080/1000000000, global 1001219080/1000000000
  dir 17640/23041: min 1001219080/1000000000, global 1001219080/1000000000
  dir 17700/23041: min 1001219080/1000000000, global 1001219080/1000000000
  dir 17760/23041: min 1001219080/1000000000, global 1001219080/1000000000
  dir 17820/23041: min 1001219080/1000000000, global 1001219080/1000000000
  dir 17880/23041: min 1001219080/1000000000, global 1001219080/1000000000
  dir 17940/23041: min 1001219080/1000000000, global 1001219080/1000000000
  dir 18000/23041: min 1001219080/1000000000, global 1001219080/1000000000
  dir 18060/23041: min 1001219080/1000000000, global 1001219080/1000000000
  dir 18120/23041: min 1001219080/1000000000, global 1001219080/1000000000
  dir 18180/23041: min 1001219080/1000000000, global 1001219080/1000000000
  dir 18240/23041: min 1001219080/1000000000, global 1001219080/1000000000
  dir 18300/23041: min 1001219080/1000000000, global 1001219080/1000000000
  dir 18360/23041: min 1001219080/1000000000, global 1001219080/1000000000
  dir 18420/23041: min 1001219080/1000000000, global 1001219080/1000000000
  dir 18480/23041: min 1001219080/1000000000, global 1001219080/1000000000
  dir 18540/23041: min 1001219080/1000000000, global 1001219080/1000000000
  dir 18600/23041: min 1001219080/1000000000, global 1001219080/1000000000
  dir 18660/23041: min 1001219080/1000000000, global 1001219080/1000000000
  dir 18720/23041: min 1001219080/1000000000, global 1001219080/1000000000
  dir 18780/23041: min 1001219080/1000000000, global 1001219080/1000000000
  dir 18840/23041: min 1001219080/1000000000, global 1001219080/1000000000
  dir 18900/23041: min 1001219080/1000000000, global 1001219080/1000000000
  dir 18960/23041: min 1001219080/1000000000, global 1001219080/1000000000
  dir 19020/23041: min 1001219080/1000000000, global 1001219080/1000000000
  dir 19080/23041: min 1001219080/1000000000, global 1001219080/1000000000
  dir 19140/23041: min 1001219080/1000000000, global 1001219080/1000000000
  dir 19200/23041: min 1001219080/1000000000, global 1001219080/1000000000
  dir 19260/23041: min 1001219080/1000000000, global 1001219080/1000000000
  dir 19320/23041: min 1001219080/1000000000, global 1001219080/1000000000
  dir 19380/23041: min 1001219080/1000000000, global 1001219080/1000000000
  dir 19440/23041: min 1001219080/1000000000, global 1001219080/1000000000
  dir 19500/23041: min 1001219080/1000000000, global 1001219080/1000000000
  dir 19560/23041: min 1001219080/1000000000, global 1001219080/1000000000
  dir 19620/23041: min 1001219080/1000000000, global 1001219080/1000000000
  dir 19680/23041: min 1001219080/1000000000, global 1001219080/1000000000
  dir 19740/23041: min 1001219080/1000000000, global 1001219080/1000000000
  dir 19800/23041: min 1001219080/1000000000, global 1001219080/1000000000
  dir 19860/23041: min 1001219080/1000000000, global 1001219080/1000000000
  dir 19920/23041: min 1001219080/1000000000, global 1001219080/1000000000
  dir 19980/23041: min 1001219080/1000000000, global 1001219080/1000000000
  dir 20040/23041: min 1001219080/1000000000, global 1001219080/1000000000
  dir 20100/23041: min 1001219080/1000000000, global 1001219080/1000000000
  dir 20160/23041: min 1001219080/1000000000, global 1001219080/1000000000
  dir 20220/23041: min 1001219080/1000000000, global 1001219080/1000000000
  dir 20280/23041: min 1001219080/1000000000, global 1001219080/1000000000
  dir 20340/23041: min 1001219080/1000000000, global 1001219080/1000000000
  dir 20400/23041: min 1001219080/1000000000, global 1001219080/1000000000
  dir 20460/23041: min 1001219080/1000000000, global 1001219080/1000000000
  dir 20520/23041: min 1001219080/1000000000, global 1001219080/1000000000
  dir 20580/23041: min 1001219080/1000000000, global 1001219080/1000000000
  dir 20640/23041: min 1001219080/1000000000, global 1001219080/1000000000
  dir 20700/23041: min 1001219080/1000000000, global 1001219080/1000000000
  dir 20760/23041: min 1001219080/1000000000, global 1001219080/1000000000
  dir 20820/23041: min 1001219080/1000000000, global 1001219080/1000000000
  dir 20880/23041: min 1001219080/1000000000, global 1001219080/1000000000
  dir 20940/23041: min 1001219080/1000000000, global 1001219080/1000000000
  dir 21000/23041: min 1001219080/1000000000, global 1001219080/1000000000
  dir 21060/23041: min 1001219080/1000000000, global 1001219080/1000000000
  dir 21120/23041: min 1001219080/1000000000, global 1001219080/1000000000
  dir 21180/23041: min 1001219080/1000000000, global 1001219080/1000000000
  dir 21240/23041: min 1001219080/1000000000, global 1001219080/1000000000
  dir 21300/23041: min 1001219080/1000000000, global 1001219080/1000000000
  dir 21360/23041: min 1001219080/1000000000, global 1001219080/1000000000
  dir 21420/23041: min 1001219080/1000000000, global 1001219080/1000000000
  dir 21480/23041: min 1001219080/1000000000, global 1001219080/1000000000
  dir 21540/23041: min 1001219080/1000000000, global 1001219080/1000000000
  dir 21600/23041: min 1001219080/1000000000, global 1001219080/1000000000
  dir 21660/23041: min 1001219080/1000000000, global 1001219080/1000000000
  dir 21720/23041: min 1001219080/1000000000, global 1001219080/1000000000
  dir 21780/23041: min 1001219080/1000000000, global 1001219080/1000000000
  dir 21840/23041: min 1001219080/1000000000, global 1001219080/1000000000
  dir 21900/23041: min 1001219080/1000000000, global 1001219080/1000000000
  dir 21960/23041: min 1001219080/1000000000, global 1001219080/1000000000
  dir 22020/23041: min 1001219080/1000000000, global 1001219080/1000000000
  dir 22080/23041: min 1001219080/1000000000, global 1001219080/1000000000
  dir 22140/23041: min 1001219080/1000000000, global 1001219080/1000000000
  dir 22200/23041: min 1001219080/1000000000, global 1001219080/1000000000
  dir 22260/23041: min 1001219080/1000000000, global 1001219080/1000000000
  dir 22320/23041: min 1001219080/1000000000, global 1001219080/1000000000
  dir 22380/23041: min 1001219080/1000000000, global 1001219080/1000000000
  dir 22440/23041: min 1001219080/1000000000, global 1001219080/1000000000
  dir 22500/23041: min 1001219080/1000000000, global 1001219080/1000000000
  dir 22560/23041: min 1001219080/1000000000, global 1001219080/1000000000
  dir 22620/23041: min 1001219080/1000000000, global 1001219080/1000000000
  dir 22680/23041: min 1001219080/1000000000, global 1001219080/1000000000
  dir 22740/23041: min 1001219080/1000000000, global 1001219080/1000000000
  dir 22800/23041: min 1001219080/1000000000, global 1001219080/1000000000
  dir 22860/23041: min 1001219080/1000000000, global 1001219080/1000000000
  dir 22920/23041: min 1001219080/1000000000, global 1001219080/1000000000
  dir 22980/23041: min 1001219080/1000000000, global 1001219080/1000000000
  dir 23040/23041: min 1001219080/1000000000, global 1001219080/1000000000
minimum score = 1001219080/1000000000 = 1.001219
CERTIFICATE: PASS -> s(17) >= 922621/200000 = 4.613105
RANGE_RESULT PASS 1001219080 1000000000
atoms = 387, total = 16999900220/1000000000 = 16.999900
net = 92161, B(1+D) = 0.999804493611 (< 1: True)
  dir 23100/46082: min 1001219080/1000000000, global 1001219080/1000000000
  dir 23160/46082: min 1001219080/1000000000, global 1001219080/1000000000
  dir 23220/46082: min 1001219080/1000000000, global 1001219080/1000000000
  dir 23280/46082: min 1001219080/1000000000, global 1001219080/1000000000
  dir 23340/46082: min 1001219080/1000000000, global 1001219080/1000000000
  dir 23400/46082: min 1001219080/1000000000, global 1001219080/1000000000
  dir 23460/46082: min 1001219080/1000000000, global 1001219080/1000000000
  dir 23520/46082: min 1001219080/1000000000, global 1001219080/1000000000
  dir 23580/46082: min 1001219080/1000000000, global 1001219080/1000000000
  dir 23640/46082: min 1001219080/1000000000, global 1001219080/1000000000
  dir 23700/46082: min 1001219080/1000000000, global 1001219080/1000000000
  dir 23760/46082: min 1001219080/1000000000, global 1001219080/1000000000
  dir 23820/46082: min 1001219080/1000000000, global 1001219080/1000000000
  dir 23880/46082: min 1001219080/1000000000, global 1001219080/1000000000
  dir 23940/46082: min 1001219080/1000000000, global 1001219080/1000000000
  dir 24000/46082: min 1001219080/1000000000, global 1001219080/1000000000
  dir 24060/46082: min 1001219080/1000000000, global 1001219080/1000000000
  dir 24120/46082: min 1001219080/1000000000, global 1001219080/1000000000
  dir 24180/46082: min 1001219080/1000000000, global 1001219080/1000000000
  dir 24240/46082: min 1001219080/1000000000, global 1001219080/1000000000
  dir 24300/46082: min 1001219080/1000000000, global 1001219080/1000000000
  dir 24360/46082: min 1001219080/1000000000, global 1001219080/1000000000
  dir 24420/46082: min 1001219080/1000000000, global 1001219080/1000000000
  dir 24480/46082: min 1001219080/1000000000, global 1001219080/1000000000
  dir 24540/46082: min 1001219080/1000000000, global 1001219080/1000000000
  dir 24600/46082: min 1001219080/1000000000, global 1001219080/1000000000
  dir 24660/46082: min 1001219080/1000000000, global 1001219080/1000000000
  dir 24720/46082: min 1001219080/1000000000, global 1001219080/1000000000
  dir 24780/46082: min 1001219080/1000000000, global 1001219080/1000000000
  dir 24840/46082: min 1001219080/1000000000, global 1001219080/1000000000
  dir 24900/46082: min 1001219080/1000000000, global 1001219080/1000000000
  dir 24960/46082: min 1001219080/1000000000, global 1001219080/1000000000
  dir 25020/46082: min 1001219080/1000000000, global 1001219080/1000000000
  dir 25080/46082: min 1001219080/1000000000, global 1001219080/1000000000
  dir 25140/46082: min 1001219080/1000000000, global 1001219080/1000000000
  dir 25200/46082: min 1001219080/1000000000, global 1001219080/1000000000
  dir 25260/46082: min 1001219080/1000000000, global 1001219080/1000000000
  dir 25320/46082: min 1001219080/1000000000, global 1001219080/1000000000
  dir 25380/46082: min 1001219080/1000000000, global 1001219080/1000000000
  dir 25440/46082: min 1001219080/1000000000, global 1001219080/1000000000
  dir 25500/46082: min 1001219080/1000000000, global 1001219080/1000000000
  dir 25560/46082: min 1001219080/1000000000, global 1001219080/1000000000
  dir 25620/46082: min 1001219080/1000000000, global 1001219080/1000000000
  dir 25680/46082: min 1001219080/1000000000, global 1001219080/1000000000
  dir 25740/46082: min 1001219080/1000000000, global 1001219080/1000000000
  dir 25800/46082: min 1001219080/1000000000, global 1001219080/1000000000
  dir 25860/46082: min 1001219080/1000000000, global 1001219080/1000000000
  dir 25920/46082: min 1001219080/1000000000, global 1001219080/1000000000
  dir 25980/46082: min 1001219080/1000000000, global 1001219080/1000000000
  dir 26040/46082: min 1001219080/1000000000, global 1001219080/1000000000
  dir 26100/46082: min 1001219080/1000000000, global 1001219080/1000000000
  dir 26160/46082: min 1001219080/1000000000, global 1001219080/1000000000
  dir 26220/46082: min 1001219080/1000000000, global 1001219080/1000000000
  dir 26280/46082: min 1001219080/1000000000, global 1001219080/1000000000
  dir 26340/46082: min 1001219080/1000000000, global 1001219080/1000000000
  dir 26400/46082: min 1001219080/1000000000, global 1001219080/1000000000
  dir 26460/46082: min 1001219080/1000000000, global 1001219080/1000000000
  dir 26520/46082: min 1001219080/1000000000, global 1001219080/1000000000
  dir 26580/46082: min 1001219080/1000000000, global 1001219080/1000000000
  dir 26640/46082: min 1001219080/1000000000, global 1001219080/1000000000
  dir 26700/46082: min 1001219080/1000000000, global 1001219080/1000000000
  dir 26760/46082: min 1001219080/1000000000, global 1001219080/1000000000
  dir 26820/46082: min 1001219080/1000000000, global 1001219080/1000000000
  dir 26880/46082: min 1001219080/1000000000, global 1001219080/1000000000
  dir 26940/46082: min 1001219080/1000000000, global 1001219080/1000000000
  dir 27000/46082: min 1001219080/1000000000, global 1001219080/1000000000
  dir 27060/46082: min 1001219080/1000000000, global 1001219080/1000000000
  dir 27120/46082: min 1001219080/1000000000, global 1001219080/1000000000
  dir 27180/46082: min 1001219080/1000000000, global 1001219080/1000000000
  dir 27240/46082: min 1001219080/1000000000, global 1001219080/1000000000
  dir 27300/46082: min 1001219080/1000000000, global 1001219080/1000000000
  dir 27360/46082: min 1001219080/1000000000, global 1001219080/1000000000
  dir 27420/46082: min 1001219080/1000000000, global 1001219080/1000000000
  dir 27480/46082: min 1001219080/1000000000, global 1001219080/1000000000
  dir 27540/46082: min 1001219080/1000000000, global 1001219080/1000000000
  dir 27600/46082: min 1001219080/1000000000, global 1001219080/1000000000
  dir 27660/46082: min 1001219080/1000000000, global 1001219080/1000000000
  dir 27720/46082: min 1001219080/1000000000, global 1001219080/1000000000
  dir 27780/46082: min 1001219080/1000000000, global 1001219080/1000000000
  dir 27840/46082: min 1001219080/1000000000, global 1001219080/1000000000
  dir 27900/46082: min 1001219080/1000000000, global 1001219080/1000000000
  dir 27960/46082: min 1001219080/1000000000, global 1001219080/1000000000
  dir 28020/46082: min 1001219080/1000000000, global 1001219080/1000000000
  dir 28080/46082: min 1001219080/1000000000, global 1001219080/1000000000
  dir 28140/46082: min 1001219080/1000000000, global 1001219080/1000000000
  dir 28200/46082: min 1001219080/1000000000, global 1001219080/1000000000
  dir 28260/46082: min 1001219080/1000000000, global 1001219080/1000000000
  dir 28320/46082: min 1001219080/1000000000, global 1001219080/1000000000
  dir 28380/46082: min 1001219080/1000000000, global 1001219080/1000000000
  dir 28440/46082: min 1001219080/1000000000, global 1001219080/1000000000
  dir 28500/46082: min 1001219080/1000000000, global 1001219080/1000000000
  dir 28560/46082: min 1001219080/1000000000, global 1001219080/1000000000
  dir 28620/46082: min 1001219080/1000000000, global 1001219080/1000000000
  dir 28680/46082: min 1001219080/1000000000, global 1001219080/1000000000
  dir 28740/46082: min 1001219080/1000000000, global 1001219080/1000000000
  dir 28800/46082: min 1001219080/1000000000, global 1001219080/1000000000
  dir 28860/46082: min 1001219080/1000000000, global 1001219080/1000000000
  dir 28920/46082: min 1001219080/1000000000, global 1001219080/1000000000
  dir 28980/46082: min 1001219080/1000000000, global 1001219080/1000000000
  dir 29040/46082: min 1001219080/1000000000, global 1001219080/1000000000
  dir 29100/46082: min 1001219080/1000000000, global 1001219080/1000000000
  dir 29160/46082: min 1001219080/1000000000, global 1001219080/1000000000
  dir 29220/46082: min 1001219080/1000000000, global 1001219080/1000000000
  dir 29280/46082: min 1001219080/1000000000, global 1001219080/1000000000
  dir 29340/46082: min 1001219080/1000000000, global 1001219080/1000000000
  dir 29400/46082: min 1001219080/1000000000, global 1001219080/1000000000
  dir 29460/46082: min 1001219080/1000000000, global 1001219080/1000000000
  dir 29520/46082: min 1001219080/1000000000, global 1001219080/1000000000
  dir 29580/46082: min 1001219080/1000000000, global 1001219080/1000000000
  dir 29640/46082: min 1001219080/1000000000, global 1001219080/1000000000
  dir 29700/46082: min 1001219080/1000000000, global 1001219080/1000000000
  dir 29760/46082: min 1001219080/1000000000, global 1001219080/1000000000
  dir 29820/46082: min 1001219080/1000000000, global 1001219080/1000000000
  dir 29880/46082: min 1001219080/1000000000, global 1001219080/1000000000
  dir 29940/46082: min 1001219080/1000000000, global 1001219080/1000000000
  dir 30000/46082: min 1001219080/1000000000, global 1001219080/1000000000
  dir 30060/46082: min 1001219080/1000000000, global 1001219080/1000000000
  dir 30120/46082: min 1001219080/1000000000, global 1001219080/1000000000
  dir 30180/46082: min 1001219080/1000000000, global 1001219080/1000000000
  dir 30240/46082: min 1001219080/1000000000, global 1001219080/1000000000
  dir 30300/46082: min 1001219080/1000000000, global 1001219080/1000000000
  dir 30360/46082: min 1001219080/1000000000, global 1001219080/1000000000
  dir 30420/46082: min 1001219080/1000000000, global 1001219080/1000000000
  dir 30480/46082: min 1001219080/1000000000, global 1001219080/1000000000
  dir 30540/46082: min 1001219080/1000000000, global 1001219080/1000000000
  dir 30600/46082: min 1001219080/1000000000, global 1001219080/1000000000
  dir 30660/46082: min 1001219080/1000000000, global 1001219080/1000000000
  dir 30720/46082: min 1001219080/1000000000, global 1001219080/1000000000
  dir 30780/46082: min 1001219080/1000000000, global 1001219080/1000000000
  dir 30840/46082: min 1001219080/1000000000, global 1001219080/1000000000
  dir 30900/46082: min 1001219080/1000000000, global 1001219080/1000000000
  dir 30960/46082: min 1001219080/1000000000, global 1001219080/1000000000
  dir 31020/46082: min 1001219080/1000000000, global 1001219080/1000000000
  dir 31080/46082: min 1001219080/1000000000, global 1001219080/1000000000
  dir 31140/46082: min 1001219080/1000000000, global 1001219080/1000000000
  dir 31200/46082: min 1001219080/1000000000, global 1001219080/1000000000
  dir 31260/46082: min 1001219080/1000000000, global 1001219080/1000000000
  dir 31320/46082: min 1001219080/1000000000, global 1001219080/1000000000
  dir 31380/46082: min 1001219080/1000000000, global 1001219080/1000000000
  dir 31440/46082: min 1001219080/1000000000, global 1001219080/1000000000
  dir 31500/46082: min 1001219080/1000000000, global 1001219080/1000000000
  dir 31560/46082: min 1001219080/1000000000, global 1001219080/1000000000
  dir 31620/46082: min 1001219080/1000000000, global 1001219080/1000000000
  dir 31680/46082: min 1001219080/1000000000, global 1001219080/1000000000
  dir 31740/46082: min 1001219080/1000000000, global 1001219080/1000000000
  dir 31800/46082: min 1001219080/1000000000, global 1001219080/1000000000
  dir 31860/46082: min 1001219080/1000000000, global 1001219080/1000000000
  dir 31920/46082: min 1001219080/1000000000, global 1001219080/1000000000
  dir 31980/46082: min 1001219080/1000000000, global 1001219080/1000000000
  dir 32040/46082: min 1001219080/1000000000, global 1001219080/1000000000
  dir 32100/46082: min 1001219080/1000000000, global 1001219080/1000000000
  dir 32160/46082: min 1001219080/1000000000, global 1001219080/1000000000
  dir 32220/46082: min 1001219080/1000000000, global 1001219080/1000000000
  dir 32280/46082: min 1001219080/1000000000, global 1001219080/1000000000
  dir 32340/46082: min 1001219080/1000000000, global 1001219080/1000000000
  dir 32400/46082: min 1001219080/1000000000, global 1001219080/1000000000
  dir 32460/46082: min 1001219080/1000000000, global 1001219080/1000000000
  dir 32520/46082: min 1001219080/1000000000, global 1001219080/1000000000
  dir 32580/46082: min 1001219080/1000000000, global 1001219080/1000000000
  dir 32640/46082: min 1001219080/1000000000, global 1001219080/1000000000
  dir 32700/46082: min 1001219080/1000000000, global 1001219080/1000000000
  dir 32760/46082: min 1001219080/1000000000, global 1001219080/1000000000
  dir 32820/46082: min 1001219080/1000000000, global 1001219080/1000000000
  dir 32880/46082: min 1001219080/1000000000, global 1001219080/1000000000
  dir 32940/46082: min 1001219080/1000000000, global 1001219080/1000000000
  dir 33000/46082: min 1001219080/1000000000, global 1001219080/1000000000
  dir 33060/46082: min 1001219080/1000000000, global 1001219080/1000000000
  dir 33120/46082: min 1001219080/1000000000, global 1001219080/1000000000
  dir 33180/46082: min 1001219080/1000000000, global 1001219080/1000000000
  dir 33240/46082: min 1001219080/1000000000, global 1001219080/1000000000
  dir 33300/46082: min 1001219080/1000000000, global 1001219080/1000000000
  dir 33360/46082: min 1001219080/1000000000, global 1001219080/1000000000
  dir 33420/46082: min 1001219080/1000000000, global 1001219080/1000000000
  dir 33480/46082: min 1001219080/1000000000, global 1001219080/1000000000
  dir 33540/46082: min 1001219080/1000000000, global 1001219080/1000000000
  dir 33600/46082: min 1001219080/1000000000, global 1001219080/1000000000
  dir 33660/46082: min 1001219080/1000000000, global 1001219080/1000000000
  dir 33720/46082: min 1001219080/1000000000, global 1001219080/1000000000
  dir 33780/46082: min 1001219080/1000000000, global 1001219080/1000000000
  dir 33840/46082: min 1001219080/1000000000, global 1001219080/1000000000
  dir 33900/46082: min 1001219080/1000000000, global 1001219080/1000000000
  dir 33960/46082: min 1001219080/1000000000, global 1001219080/1000000000
  dir 34020/46082: min 1001219080/1000000000, global 1001219080/1000000000
  dir 34080/46082: min 1001219080/1000000000, global 1001219080/1000000000
  dir 34140/46082: min 1001219080/1000000000, global 1001219080/1000000000
  dir 34200/46082: min 1001219080/1000000000, global 1001219080/1000000000
  dir 34260/46082: min 1001219080/1000000000, global 1001219080/1000000000
  dir 34320/46082: min 1001219080/1000000000, global 1001219080/1000000000
  dir 34380/46082: min 1001219080/1000000000, global 1001219080/1000000000
  dir 34440/46082: min 1001219080/1000000000, global 1001219080/1000000000
  dir 34500/46082: min 1001219080/1000000000, global 1001219080/1000000000
  dir 34560/46082: min 1001219080/1000000000, global 1001219080/1000000000
  dir 34620/46082: min 1001219080/1000000000, global 1001219080/1000000000
  dir 34680/46082: min 1001219080/1000000000, global 1001219080/1000000000
  dir 34740/46082: min 1001219080/1000000000, global 1001219080/1000000000
  dir 34800/46082: min 1001219080/1000000000, global 1001219080/1000000000
  dir 34860/46082: min 1001219080/1000000000, global 1001219080/1000000000
  dir 34920/46082: min 1001219080/1000000000, global 1001219080/1000000000
  dir 34980/46082: min 1001219080/1000000000, global 1001219080/1000000000
  dir 35040/46082: min 1001219080/1000000000, global 1001219080/1000000000
  dir 35100/46082: min 1001219080/1000000000, global 1001219080/1000000000
  dir 35160/46082: min 1001219080/1000000000, global 1001219080/1000000000
  dir 35220/46082: min 1001219080/1000000000, global 1001219080/1000000000
  dir 35280/46082: min 1001219080/1000000000, global 1001219080/1000000000
  dir 35340/46082: min 1001219080/1000000000, global 1001219080/1000000000
  dir 35400/46082: min 1001219080/1000000000, global 1001219080/1000000000
  dir 35460/46082: min 1001219080/1000000000, global 1001219080/1000000000
  dir 35520/46082: min 1001219080/1000000000, global 1001219080/1000000000
  dir 35580/46082: min 1001219080/1000000000, global 1001219080/1000000000
  dir 35640/46082: min 1001219080/1000000000, global 1001219080/1000000000
  dir 35700/46082: min 1001219080/1000000000, global 1001219080/1000000000
  dir 35760/46082: min 1001219080/1000000000, global 1001219080/1000000000
  dir 35820/46082: min 1001219080/1000000000, global 1001219080/1000000000
  dir 35880/46082: min 1001219080/1000000000, global 1001219080/1000000000
  dir 35940/46082: min 1001219080/1000000000, global 1001219080/1000000000
  dir 36000/46082: min 1001219080/1000000000, global 1001219080/1000000000
  dir 36060/46082: min 1001219080/1000000000, global 1001219080/1000000000
  dir 36120/46082: min 1001219080/1000000000, global 1001219080/1000000000
  dir 36180/46082: min 1001219080/1000000000, global 1001219080/1000000000
  dir 36240/46082: min 1001219080/1000000000, global 1001219080/1000000000
  dir 36300/46082: min 1001219080/1000000000, global 1001219080/1000000000
  dir 36360/46082: min 1001219080/1000000000, global 1001219080/1000000000
  dir 36420/46082: min 1001219080/1000000000, global 1001219080/1000000000
  dir 36480/46082: min 1001219080/1000000000, global 1001219080/1000000000
  dir 36540/46082: min 1001219080/1000000000, global 1001219080/1000000000
  dir 36600/46082: min 1001219080/1000000000, global 1001219080/1000000000
  dir 36660/46082: min 1001219080/1000000000, global 1001219080/1000000000
  dir 36720/46082: min 1001219080/1000000000, global 1001219080/1000000000
  dir 36780/46082: min 1001219080/1000000000, global 1001219080/1000000000
  dir 36840/46082: min 1001219080/1000000000, global 1001219080/1000000000
  dir 36900/46082: min 1001219080/1000000000, global 1001219080/1000000000
  dir 36960/46082: min 1001219080/1000000000, global 1001219080/1000000000
  dir 37020/46082: min 1001219080/1000000000, global 1001219080/1000000000
  dir 37080/46082: min 1001219080/1000000000, global 1001219080/1000000000
  dir 37140/46082: min 1001219080/1000000000, global 1001219080/1000000000
  dir 37200/46082: min 1001219080/1000000000, global 1001219080/1000000000
  dir 37260/46082: min 1001219080/1000000000, global 1001219080/1000000000
  dir 37320/46082: min 1001219080/1000000000, global 1001219080/1000000000
  dir 37380/46082: min 1001219080/1000000000, global 1001219080/1000000000
  dir 37440/46082: min 1001219080/1000000000, global 1001219080/1000000000
  dir 37500/46082: min 1001219080/1000000000, global 1001219080/1000000000
  dir 37560/46082: min 1001219080/1000000000, global 1001219080/1000000000
  dir 37620/46082: min 1001219080/1000000000, global 1001219080/1000000000
  dir 37680/46082: min 1001219080/1000000000, global 1001219080/1000000000
  dir 37740/46082: min 1001219080/1000000000, global 1001219080/1000000000
  dir 37800/46082: min 1001219080/1000000000, global 1001219080/1000000000
  dir 37860/46082: min 1001219080/1000000000, global 1001219080/1000000000
  dir 37920/46082: min 1001219080/1000000000, global 1001219080/1000000000
  dir 37980/46082: min 1001219080/1000000000, global 1001219080/1000000000
  dir 38040/46082: min 1001219080/1000000000, global 1001219080/1000000000
  dir 38100/46082: min 1001219080/1000000000, global 1001219080/1000000000
  dir 38160/46082: min 1001219080/1000000000, global 1001219080/1000000000
  dir 38220/46082: min 1001219080/1000000000, global 1001219080/1000000000
  dir 38280/46082: min 1001219080/1000000000, global 1001219080/1000000000
  dir 38340/46082: min 1001219080/1000000000, global 1001219080/1000000000
  dir 38400/46082: min 1001219080/1000000000, global 1001219080/1000000000
  dir 38460/46082: min 1001219080/1000000000, global 1001219080/1000000000
  dir 38520/46082: min 1001219080/1000000000, global 1001219080/1000000000
  dir 38580/46082: min 1001219080/1000000000, global 1001219080/1000000000
  dir 38640/46082: min 1001219080/1000000000, global 1001219080/1000000000
  dir 38700/46082: min 1001219080/1000000000, global 1001219080/1000000000
  dir 38760/46082: min 1001219080/1000000000, global 1001219080/1000000000
  dir 38820/46082: min 1001219080/1000000000, global 1001219080/1000000000
  dir 38880/46082: min 1001219080/1000000000, global 1001219080/1000000000
  dir 38940/46082: min 1001219080/1000000000, global 1001219080/1000000000
  dir 39000/46082: min 1001219080/1000000000, global 1001219080/1000000000
  dir 39060/46082: min 1001219080/1000000000, global 1001219080/1000000000
  dir 39120/46082: min 1001219080/1000000000, global 1001219080/1000000000
  dir 39180/46082: min 1001219080/1000000000, global 1001219080/1000000000
  dir 39240/46082: min 1001219080/1000000000, global 1001219080/1000000000
  dir 39300/46082: min 1001219080/1000000000, global 1001219080/1000000000
  dir 39360/46082: min 1001219080/1000000000, global 1001219080/1000000000
  dir 39420/46082: min 1001219080/1000000000, global 1001219080/1000000000
  dir 39480/46082: min 1001219080/1000000000, global 1001219080/1000000000
  dir 39540/46082: min 1001219080/1000000000, global 1001219080/1000000000
  dir 39600/46082: min 1001219080/1000000000, global 1001219080/1000000000
  dir 39660/46082: min 1001219080/1000000000, global 1001219080/1000000000
  dir 39720/46082: min 1001219080/1000000000, global 1001219080/1000000000
  dir 39780/46082: min 1001219080/1000000000, global 1001219080/1000000000
  dir 39840/46082: min 1001219080/1000000000, global 1001219080/1000000000
  dir 39900/46082: min 1001219080/1000000000, global 1001219080/1000000000
  dir 39960/46082: min 1001219080/1000000000, global 1001219080/1000000000
  dir 40020/46082: min 1001219080/1000000000, global 1001219080/1000000000
  dir 40080/46082: min 1001219080/1000000000, global 1001219080/1000000000
  dir 40140/46082: min 1001219080/1000000000, global 1001219080/1000000000
  dir 40200/46082: min 1001219080/1000000000, global 1001219080/1000000000
  dir 40260/46082: min 1001219080/1000000000, global 1001219080/1000000000
  dir 40320/46082: min 1001219080/1000000000, global 1001219080/1000000000
  dir 40380/46082: min 1001219080/1000000000, global 1001219080/1000000000
  dir 40440/46082: min 1001219080/1000000000, global 1001219080/1000000000
  dir 40500/46082: min 1001219080/1000000000, global 1001219080/1000000000
  dir 40560/46082: min 1001219080/1000000000, global 1001219080/1000000000
  dir 40620/46082: min 1001219080/1000000000, global 1001219080/1000000000
  dir 40680/46082: min 1001219080/1000000000, global 1001219080/1000000000
  dir 40740/46082: min 1001219080/1000000000, global 1001219080/1000000000
  dir 40800/46082: min 1001219080/1000000000, global 1001219080/1000000000
  dir 40860/46082: min 1001219080/1000000000, global 1001219080/1000000000
  dir 40920/46082: min 1001219080/1000000000, global 1001219080/1000000000
  dir 40980/46082: min 1001219080/1000000000, global 1001219080/1000000000
  dir 41040/46082: min 1001219080/1000000000, global 1001219080/1000000000
  dir 41100/46082: min 1001219080/1000000000, global 1001219080/1000000000
  dir 41160/46082: min 1001219080/1000000000, global 1001219080/1000000000
  dir 41220/46082: min 1001219080/1000000000, global 1001219080/1000000000
  dir 41280/46082: min 1001219080/1000000000, global 1001219080/1000000000
  dir 41340/46082: min 1001219080/1000000000, global 1001219080/1000000000
  dir 41400/46082: min 1001219080/1000000000, global 1001219080/1000000000
  dir 41460/46082: min 1001219080/1000000000, global 1001219080/1000000000
  dir 41520/46082: min 1001219080/1000000000, global 1001219080/1000000000
  dir 41580/46082: min 1001219080/1000000000, global 1001219080/1000000000
  dir 41640/46082: min 1001219080/1000000000, global 1001219080/1000000000
  dir 41700/46082: min 1001219080/1000000000, global 1001219080/1000000000
  dir 41760/46082: min 1000222750/1000000000, global 1000222750/1000000000
  dir 41820/46082: min 1000222750/1000000000, global 1000222750/1000000000
  dir 41880/46082: min 1000222750/1000000000, global 1000222750/1000000000
  dir 41940/46082: min 1000222750/1000000000, global 1000222750/1000000000
  dir 42000/46082: min 1000222750/1000000000, global 1000222750/1000000000
  dir 42060/46082: min 1000222750/1000000000, global 1000222750/1000000000
  dir 42120/46082: min 1000222750/1000000000, global 1000222750/1000000000
  dir 42180/46082: min 1000222750/1000000000, global 1000222750/1000000000
  dir 42240/46082: min 1000222750/1000000000, global 1000222750/1000000000
  dir 42300/46082: min 1000222750/1000000000, global 1000222750/1000000000
  dir 42360/46082: min 1000222750/1000000000, global 1000222750/1000000000
  dir 42420/46082: min 1000222750/1000000000, global 1000222750/1000000000
  dir 42480/46082: min 1001219080/1000000000, global 1000222750/1000000000
  dir 42540/46082: min 1001219080/1000000000, global 1000222750/1000000000
  dir 42600/46082: min 1001219080/1000000000, global 1000222750/1000000000
  dir 42660/46082: min 1001219080/1000000000, global 1000222750/1000000000
  dir 42720/46082: min 1001219080/1000000000, global 1000222750/1000000000
  dir 42780/46082: min 1001219080/1000000000, global 1000222750/1000000000
  dir 42840/46082: min 1001219080/1000000000, global 1000222750/1000000000
  dir 42900/46082: min 1001219080/1000000000, global 1000222750/1000000000
  dir 42960/46082: min 1001219080/1000000000, global 1000222750/1000000000
  dir 43020/46082: min 1001219080/1000000000, global 1000222750/1000000000
  dir 43080/46082: min 1001219080/1000000000, global 1000222750/1000000000
  dir 43140/46082: min 1001219080/1000000000, global 1000222750/1000000000
  dir 43200/46082: min 1001219080/1000000000, global 1000222750/1000000000
  dir 43260/46082: min 1001219080/1000000000, global 1000222750/1000000000
  dir 43320/46082: min 1001219080/1000000000, global 1000222750/1000000000
  dir 43380/46082: min 1001219080/1000000000, global 1000222750/1000000000
  dir 43440/46082: min 1001219080/1000000000, global 1000222750/1000000000
  dir 43500/46082: min 1001219080/1000000000, global 1000222750/1000000000
  dir 43560/46082: min 1001219080/1000000000, global 1000222750/1000000000
  dir 43620/46082: min 1001219080/1000000000, global 1000222750/1000000000
  dir 43680/46082: min 1001219080/1000000000, global 1000222750/1000000000
  dir 43740/46082: min 1001219080/1000000000, global 1000222750/1000000000
  dir 43800/46082: min 1001219080/1000000000, global 1000222750/1000000000
  dir 43860/46082: min 1001219080/1000000000, global 1000222750/1000000000
  dir 43920/46082: min 1001219080/1000000000, global 1000222750/1000000000
  dir 43980/46082: min 1001219080/1000000000, global 1000222750/1000000000
  dir 44040/46082: min 1001219080/1000000000, global 1000222750/1000000000
  dir 44100/46082: min 1001219080/1000000000, global 1000222750/1000000000
  dir 44160/46082: min 1001219080/1000000000, global 1000222750/1000000000
  dir 44220/46082: min 1001219080/1000000000, global 1000222750/1000000000
  dir 44280/46082: min 1001219080/1000000000, global 1000222750/1000000000
  dir 44340/46082: min 1001219080/1000000000, global 1000222750/1000000000
  dir 44400/46082: min 1001219080/1000000000, global 1000222750/1000000000
  dir 44460/46082: min 1001219080/1000000000, global 1000222750/1000000000
  dir 44520/46082: min 1001219080/1000000000, global 1000222750/1000000000
  dir 44580/46082: min 1001219080/1000000000, global 1000222750/1000000000
  dir 44640/46082: min 1001219080/1000000000, global 1000222750/1000000000
  dir 44700/46082: min 1001219080/1000000000, global 1000222750/1000000000
  dir 44760/46082: min 1001219080/1000000000, global 1000222750/1000000000
  dir 44820/46082: min 1001219080/1000000000, global 1000222750/1000000000
  dir 44880/46082: min 1001219080/1000000000, global 1000222750/1000000000
  dir 44940/46082: min 1001219080/1000000000, global 1000222750/1000000000
  dir 45000/46082: min 1001219080/1000000000, global 1000222750/1000000000
  dir 45060/46082: min 1001219080/1000000000, global 1000222750/1000000000
  dir 45120/46082: min 1001219080/1000000000, global 1000222750/1000000000
  dir 45180/46082: min 1001219080/1000000000, global 1000222750/1000000000
  dir 45240/46082: min 1001219080/1000000000, global 1000222750/1000000000
  dir 45300/46082: min 1001219080/1000000000, global 1000222750/1000000000
  dir 45360/46082: min 1001219080/1000000000, global 1000222750/1000000000
  dir 45420/46082: min 1001219080/1000000000, global 1000222750/1000000000
  dir 45480/46082: min 1001219080/1000000000, global 1000222750/1000000000
  dir 45540/46082: min 1001219080/1000000000, global 1000222750/1000000000
  dir 45600/46082: min 1001219080/1000000000, global 1000222750/1000000000
  dir 45660/46082: min 1001219080/1000000000, global 1000222750/1000000000
  dir 45720/46082: min 1001219080/1000000000, global 1000222750/1000000000
  dir 45780/46082: min 1001219080/1000000000, global 1000222750/1000000000
  dir 45840/46082: min 1001219080/1000000000, global 1000222750/1000000000
  dir 45900/46082: min 1001219080/1000000000, global 1000222750/1000000000
  dir 45960/46082: min 1001219080/1000000000, global 1000222750/1000000000
  dir 46020/46082: min 1001219080/1000000000, global 1000222750/1000000000
  dir 46080/46082: min 1001219080/1000000000, global 1000222750/1000000000
minimum score = 1000222750/1000000000 = 1.000223
CERTIFICATE: PASS -> s(17) >= 922621/200000 = 4.613105
RANGE_RESULT PASS 1000222750 1000000000
atoms = 387, total = 16999900220/1000000000 = 16.999900
net = 92161, B(1+D) = 0.999804493611 (< 1: True)
  dir 46140/69123: min 1001219080/1000000000, global 1001219080/1000000000
  dir 46200/69123: min 1001219080/1000000000, global 1001219080/1000000000
  dir 46260/69123: min 1001219080/1000000000, global 1001219080/1000000000
  dir 46320/69123: min 1001219080/1000000000, global 1001219080/1000000000
  dir 46380/69123: min 1001219080/1000000000, global 1001219080/1000000000
  dir 46440/69123: min 1001219080/1000000000, global 1001219080/1000000000
  dir 46500/69123: min 1001219080/1000000000, global 1001219080/1000000000
  dir 46560/69123: min 1001219080/1000000000, global 1001219080/1000000000
  dir 46620/69123: min 1001219080/1000000000, global 1001219080/1000000000
  dir 46680/69123: min 1001219080/1000000000, global 1001219080/1000000000
  dir 46740/69123: min 1001219080/1000000000, global 1001219080/1000000000
  dir 46800/69123: min 1001219080/1000000000, global 1001219080/1000000000
  dir 46860/69123: min 1001219080/1000000000, global 1001219080/1000000000
  dir 46920/69123: min 1001219080/1000000000, global 1001219080/1000000000
  dir 46980/69123: min 1001219080/1000000000, global 1001219080/1000000000
  dir 47040/69123: min 1001219080/1000000000, global 1001219080/1000000000
  dir 47100/69123: min 1001219080/1000000000, global 1001219080/1000000000
  dir 47160/69123: min 1001219080/1000000000, global 1001219080/1000000000
  dir 47220/69123: min 1001219080/1000000000, global 1001219080/1000000000
  dir 47280/69123: min 1001219080/1000000000, global 1001219080/1000000000
  dir 47340/69123: min 1001219080/1000000000, global 1001219080/1000000000
  dir 47400/69123: min 1001219080/1000000000, global 1001219080/1000000000
  dir 47460/69123: min 1001219080/1000000000, global 1001219080/1000000000
  dir 47520/69123: min 1001219080/1000000000, global 1001219080/1000000000
  dir 47580/69123: min 1001219080/1000000000, global 1001219080/1000000000
  dir 47640/69123: min 1001219080/1000000000, global 1001219080/1000000000
  dir 47700/69123: min 1001219080/1000000000, global 1001219080/1000000000
  dir 47760/69123: min 1001219080/1000000000, global 1001219080/1000000000
  dir 47820/69123: min 1001219080/1000000000, global 1001219080/1000000000
  dir 47880/69123: min 1001219080/1000000000, global 1001219080/1000000000
  dir 47940/69123: min 1001219080/1000000000, global 1001219080/1000000000
  dir 48000/69123: min 1001219080/1000000000, global 1001219080/1000000000
  dir 48060/69123: min 1001219080/1000000000, global 1001219080/1000000000
  dir 48120/69123: min 1001219080/1000000000, global 1001219080/1000000000
  dir 48180/69123: min 1001219080/1000000000, global 1001219080/1000000000
  dir 48240/69123: min 1001219080/1000000000, global 1001219080/1000000000
  dir 48300/69123: min 1001219080/1000000000, global 1001219080/1000000000
  dir 48360/69123: min 1001219080/1000000000, global 1001219080/1000000000
  dir 48420/69123: min 1001219080/1000000000, global 1001219080/1000000000
  dir 48480/69123: min 1001219080/1000000000, global 1001219080/1000000000
  dir 48540/69123: min 1001219080/1000000000, global 1001219080/1000000000
  dir 48600/69123: min 1001219080/1000000000, global 1001219080/1000000000
  dir 48660/69123: min 1001219080/1000000000, global 1001219080/1000000000
  dir 48720/69123: min 1001219080/1000000000, global 1001219080/1000000000
  dir 48780/69123: min 1001219080/1000000000, global 1001219080/1000000000
  dir 48840/69123: min 1001219080/1000000000, global 1001219080/1000000000
  dir 48900/69123: min 1001219080/1000000000, global 1001219080/1000000000
  dir 48960/69123: min 1001219080/1000000000, global 1001219080/1000000000
  dir 49020/69123: min 1001219080/1000000000, global 1001219080/1000000000
  dir 49080/69123: min 1001219080/1000000000, global 1001219080/1000000000
  dir 49140/69123: min 1001219080/1000000000, global 1001219080/1000000000
  dir 49200/69123: min 1001219080/1000000000, global 1001219080/1000000000
  dir 49260/69123: min 1001219080/1000000000, global 1001219080/1000000000
  dir 49320/69123: min 1001219080/1000000000, global 1001219080/1000000000
  dir 49380/69123: min 1001219080/1000000000, global 1001219080/1000000000
  dir 49440/69123: min 1001219080/1000000000, global 1001219080/1000000000
  dir 49500/69123: min 1001219080/1000000000, global 1001219080/1000000000
  dir 49560/69123: min 1001219080/1000000000, global 1001219080/1000000000
  dir 49620/69123: min 1001219080/1000000000, global 1001219080/1000000000
  dir 49680/69123: min 1001219080/1000000000, global 1001219080/1000000000
  dir 49740/69123: min 1001219080/1000000000, global 1001219080/1000000000
  dir 49800/69123: min 1001219080/1000000000, global 1001219080/1000000000
  dir 49860/69123: min 1001219080/1000000000, global 1001219080/1000000000
  dir 49920/69123: min 1001219080/1000000000, global 1001219080/1000000000
  dir 49980/69123: min 1001219080/1000000000, global 1001219080/1000000000
  dir 50040/69123: min 1001219080/1000000000, global 1001219080/1000000000
  dir 50100/69123: min 1001219080/1000000000, global 1001219080/1000000000
  dir 50160/69123: min 1001219080/1000000000, global 1001219080/1000000000
  dir 50220/69123: min 1001219080/1000000000, global 1001219080/1000000000
  dir 50280/69123: min 1001219080/1000000000, global 1001219080/1000000000
  dir 50340/69123: min 1001219080/1000000000, global 1001219080/1000000000
  dir 50400/69123: min 1001219080/1000000000, global 1001219080/1000000000
  dir 50460/69123: min 1001219080/1000000000, global 1001219080/1000000000
  dir 50520/69123: min 1001219080/1000000000, global 1001219080/1000000000
  dir 50580/69123: min 1001219080/1000000000, global 1001219080/1000000000
  dir 50640/69123: min 1001219080/1000000000, global 1001219080/1000000000
  dir 50700/69123: min 1001219080/1000000000, global 1001219080/1000000000
  dir 50760/69123: min 1001219080/1000000000, global 1001219080/1000000000
  dir 50820/69123: min 1001219080/1000000000, global 1001219080/1000000000
  dir 50880/69123: min 1001219080/1000000000, global 1001219080/1000000000
  dir 50940/69123: min 1001219080/1000000000, global 1001219080/1000000000
  dir 51000/69123: min 1001219080/1000000000, global 1001219080/1000000000
  dir 51060/69123: min 1001219080/1000000000, global 1001219080/1000000000
  dir 51120/69123: min 1001219080/1000000000, global 1001219080/1000000000
  dir 51180/69123: min 1001219080/1000000000, global 1001219080/1000000000
  dir 51240/69123: min 1001219080/1000000000, global 1001219080/1000000000
  dir 51300/69123: min 1001219080/1000000000, global 1001219080/1000000000
  dir 51360/69123: min 1001219080/1000000000, global 1001219080/1000000000
  dir 51420/69123: min 1001219080/1000000000, global 1001219080/1000000000
  dir 51480/69123: min 1001219080/1000000000, global 1001219080/1000000000
  dir 51540/69123: min 1001219080/1000000000, global 1001219080/1000000000
  dir 51600/69123: min 1001219080/1000000000, global 1001219080/1000000000
  dir 51660/69123: min 1001219080/1000000000, global 1001219080/1000000000
  dir 51720/69123: min 1001219080/1000000000, global 1001219080/1000000000
  dir 51780/69123: min 1001219080/1000000000, global 1001219080/1000000000
  dir 51840/69123: min 1001219080/1000000000, global 1001219080/1000000000
  dir 51900/69123: min 1001219080/1000000000, global 1001219080/1000000000
  dir 51960/69123: min 1001219080/1000000000, global 1001219080/1000000000
  dir 52020/69123: min 1001219080/1000000000, global 1001219080/1000000000
  dir 52080/69123: min 1001219080/1000000000, global 1001219080/1000000000
  dir 52140/69123: min 1001219080/1000000000, global 1001219080/1000000000
  dir 52200/69123: min 1001219080/1000000000, global 1001219080/1000000000
  dir 52260/69123: min 1001219080/1000000000, global 1001219080/1000000000
  dir 52320/69123: min 1001219080/1000000000, global 1001219080/1000000000
  dir 52380/69123: min 1001219080/1000000000, global 1001219080/1000000000
  dir 52440/69123: min 1001219080/1000000000, global 1001219080/1000000000
  dir 52500/69123: min 1001219080/1000000000, global 1001219080/1000000000
  dir 52560/69123: min 1001219080/1000000000, global 1001219080/1000000000
  dir 52620/69123: min 1001219080/1000000000, global 1001219080/1000000000
  dir 52680/69123: min 1001219080/1000000000, global 1001219080/1000000000
  dir 52740/69123: min 1001219080/1000000000, global 1001219080/1000000000
  dir 52800/69123: min 1001219080/1000000000, global 1001219080/1000000000
  dir 52860/69123: min 1001219080/1000000000, global 1001219080/1000000000
  dir 52920/69123: min 1001219080/1000000000, global 1001219080/1000000000
  dir 52980/69123: min 1001219080/1000000000, global 1001219080/1000000000
  dir 53040/69123: min 1001219080/1000000000, global 1001219080/1000000000
  dir 53100/69123: min 1001219080/1000000000, global 1001219080/1000000000
  dir 53160/69123: min 1001219080/1000000000, global 1001219080/1000000000
  dir 53220/69123: min 1001219080/1000000000, global 1001219080/1000000000
  dir 53280/69123: min 1001219080/1000000000, global 1001219080/1000000000
  dir 53340/69123: min 1001219080/1000000000, global 1001219080/1000000000
  dir 53400/69123: min 1001219080/1000000000, global 1001219080/1000000000
  dir 53460/69123: min 1001219080/1000000000, global 1001219080/1000000000
  dir 53520/69123: min 1001219080/1000000000, global 1001219080/1000000000
  dir 53580/69123: min 1001219080/1000000000, global 1001219080/1000000000
  dir 53640/69123: min 1001219080/1000000000, global 1001219080/1000000000
  dir 53700/69123: min 1001219080/1000000000, global 1001219080/1000000000
  dir 53760/69123: min 1001219080/1000000000, global 1001219080/1000000000
  dir 53820/69123: min 1001219080/1000000000, global 1001219080/1000000000
  dir 53880/69123: min 1001219080/1000000000, global 1001219080/1000000000
  dir 53940/69123: min 1001219080/1000000000, global 1001219080/1000000000
  dir 54000/69123: min 1001219080/1000000000, global 1001219080/1000000000
  dir 54060/69123: min 1001219080/1000000000, global 1001219080/1000000000
  dir 54120/69123: min 1001219080/1000000000, global 1001219080/1000000000
  dir 54180/69123: min 1001219080/1000000000, global 1001219080/1000000000
  dir 54240/69123: min 1001219080/1000000000, global 1001219080/1000000000
  dir 54300/69123: min 1001219080/1000000000, global 1001219080/1000000000
  dir 54360/69123: min 1001219080/1000000000, global 1001219080/1000000000
  dir 54420/69123: min 1001219080/1000000000, global 1001219080/1000000000
  dir 54480/69123: min 1001219080/1000000000, global 1001219080/1000000000
  dir 54540/69123: min 1001219080/1000000000, global 1001219080/1000000000
  dir 54600/69123: min 1001219080/1000000000, global 1001219080/1000000000
  dir 54660/69123: min 1001219080/1000000000, global 1001219080/1000000000
  dir 54720/69123: min 1001219080/1000000000, global 1001219080/1000000000
  dir 54780/69123: min 1001219080/1000000000, global 1001219080/1000000000
  dir 54840/69123: min 1001219080/1000000000, global 1001219080/1000000000
  dir 54900/69123: min 1001219080/1000000000, global 1001219080/1000000000
  dir 54960/69123: min 1001219080/1000000000, global 1001219080/1000000000
  dir 55020/69123: min 1001219080/1000000000, global 1001219080/1000000000
  dir 55080/69123: min 1001219080/1000000000, global 1001219080/1000000000
  dir 55140/69123: min 1001219080/1000000000, global 1001219080/1000000000
  dir 55200/69123: min 1001219080/1000000000, global 1001219080/1000000000
  dir 55260/69123: min 1001219080/1000000000, global 1001219080/1000000000
  dir 55320/69123: min 1001219080/1000000000, global 1001219080/1000000000
  dir 55380/69123: min 1001219080/1000000000, global 1001219080/1000000000
  dir 55440/69123: min 1001219080/1000000000, global 1001219080/1000000000
  dir 55500/69123: min 1001219080/1000000000, global 1001219080/1000000000
  dir 55560/69123: min 1001219080/1000000000, global 1001219080/1000000000
  dir 55620/69123: min 1001219080/1000000000, global 1001219080/1000000000
  dir 55680/69123: min 1001219080/1000000000, global 1001219080/1000000000
  dir 55740/69123: min 1001219080/1000000000, global 1001219080/1000000000
  dir 55800/69123: min 1001219080/1000000000, global 1001219080/1000000000
  dir 55860/69123: min 1001219080/1000000000, global 1001219080/1000000000
  dir 55920/69123: min 1001219080/1000000000, global 1001219080/1000000000
  dir 55980/69123: min 1001219080/1000000000, global 1001219080/1000000000
  dir 56040/69123: min 1001219080/1000000000, global 1001219080/1000000000
  dir 56100/69123: min 1001219080/1000000000, global 1001219080/1000000000
  dir 56160/69123: min 1001219080/1000000000, global 1001219080/1000000000
  dir 56220/69123: min 1001219080/1000000000, global 1001219080/1000000000
  dir 56280/69123: min 1001219080/1000000000, global 1001219080/1000000000
  dir 56340/69123: min 1001219080/1000000000, global 1001219080/1000000000
  dir 56400/69123: min 1001219080/1000000000, global 1001219080/1000000000
  dir 56460/69123: min 1001219080/1000000000, global 1001219080/1000000000
  dir 56520/69123: min 1001219080/1000000000, global 1001219080/1000000000
  dir 56580/69123: min 1001219080/1000000000, global 1001219080/1000000000
  dir 56640/69123: min 1001219080/1000000000, global 1001219080/1000000000
  dir 56700/69123: min 1001219080/1000000000, global 1001219080/1000000000
  dir 56760/69123: min 1001219080/1000000000, global 1001219080/1000000000
  dir 56820/69123: min 1001219080/1000000000, global 1001219080/1000000000
  dir 56880/69123: min 1001219080/1000000000, global 1001219080/1000000000
  dir 56940/69123: min 1001219080/1000000000, global 1001219080/1000000000
  dir 57000/69123: min 1001219080/1000000000, global 1001219080/1000000000
  dir 57060/69123: min 1001219080/1000000000, global 1001219080/1000000000
  dir 57120/69123: min 1001219080/1000000000, global 1001219080/1000000000
  dir 57180/69123: min 1001219080/1000000000, global 1001219080/1000000000
  dir 57240/69123: min 1001219080/1000000000, global 1001219080/1000000000
  dir 57300/69123: min 1001219080/1000000000, global 1001219080/1000000000
  dir 57360/69123: min 1001219080/1000000000, global 1001219080/1000000000
  dir 57420/69123: min 1001219080/1000000000, global 1001219080/1000000000
  dir 57480/69123: min 1001219080/1000000000, global 1001219080/1000000000
  dir 57540/69123: min 1001219080/1000000000, global 1001219080/1000000000
  dir 57600/69123: min 1001219080/1000000000, global 1001219080/1000000000
  dir 57660/69123: min 1001219080/1000000000, global 1001219080/1000000000
  dir 57720/69123: min 1001219080/1000000000, global 1001219080/1000000000
  dir 57780/69123: min 1001219080/1000000000, global 1001219080/1000000000
  dir 57840/69123: min 1001219080/1000000000, global 1001219080/1000000000
  dir 57900/69123: min 1001219080/1000000000, global 1001219080/1000000000
  dir 57960/69123: min 1001219080/1000000000, global 1001219080/1000000000
  dir 58020/69123: min 1001219080/1000000000, global 1001219080/1000000000
  dir 58080/69123: min 1001219080/1000000000, global 1001219080/1000000000
  dir 58140/69123: min 1001219080/1000000000, global 1001219080/1000000000
  dir 58200/69123: min 1001219080/1000000000, global 1001219080/1000000000
  dir 58260/69123: min 1001219080/1000000000, global 1001219080/1000000000
  dir 58320/69123: min 1001219080/1000000000, global 1001219080/1000000000
  dir 58380/69123: min 1001219080/1000000000, global 1001219080/1000000000
  dir 58440/69123: min 1001219080/1000000000, global 1001219080/1000000000
  dir 58500/69123: min 1001219080/1000000000, global 1001219080/1000000000
  dir 58560/69123: min 1001219080/1000000000, global 1001219080/1000000000
  dir 58620/69123: min 1001219080/1000000000, global 1001219080/1000000000
  dir 58680/69123: min 1001219080/1000000000, global 1001219080/1000000000
  dir 58740/69123: min 1001219080/1000000000, global 1001219080/1000000000
  dir 58800/69123: min 1001219080/1000000000, global 1001219080/1000000000
  dir 58860/69123: min 1001219080/1000000000, global 1001219080/1000000000
  dir 58920/69123: min 1001219080/1000000000, global 1001219080/1000000000
  dir 58980/69123: min 1001219080/1000000000, global 1001219080/1000000000
  dir 59040/69123: min 1001219080/1000000000, global 1001219080/1000000000
  dir 59100/69123: min 1001219080/1000000000, global 1001219080/1000000000
  dir 59160/69123: min 1001219080/1000000000, global 1001219080/1000000000
  dir 59220/69123: min 1001219080/1000000000, global 1001219080/1000000000
  dir 59280/69123: min 1001219080/1000000000, global 1001219080/1000000000
  dir 59340/69123: min 1001219080/1000000000, global 1001219080/1000000000
  dir 59400/69123: min 1001219080/1000000000, global 1001219080/1000000000
  dir 59460/69123: min 1001219080/1000000000, global 1001219080/1000000000
  dir 59520/69123: min 1001219080/1000000000, global 1001219080/1000000000
  dir 59580/69123: min 1001219080/1000000000, global 1001219080/1000000000
  dir 59640/69123: min 1001219080/1000000000, global 1001219080/1000000000
  dir 59700/69123: min 1001219080/1000000000, global 1001219080/1000000000
  dir 59760/69123: min 1001219080/1000000000, global 1001219080/1000000000
  dir 59820/69123: min 1001219080/1000000000, global 1001219080/1000000000
  dir 59880/69123: min 1001219080/1000000000, global 1001219080/1000000000
  dir 59940/69123: min 1001219080/1000000000, global 1001219080/1000000000
  dir 60000/69123: min 1001219080/1000000000, global 1001219080/1000000000
  dir 60060/69123: min 1001219080/1000000000, global 1001219080/1000000000
  dir 60120/69123: min 1001219080/1000000000, global 1001219080/1000000000
  dir 60180/69123: min 1001219080/1000000000, global 1001219080/1000000000
  dir 60240/69123: min 1001219080/1000000000, global 1001219080/1000000000
  dir 60300/69123: min 1001219080/1000000000, global 1001219080/1000000000
  dir 60360/69123: min 1001219080/1000000000, global 1001219080/1000000000
  dir 60420/69123: min 1001219080/1000000000, global 1001219080/1000000000
  dir 60480/69123: min 1001219080/1000000000, global 1001219080/1000000000
  dir 60540/69123: min 1001219080/1000000000, global 1001219080/1000000000
  dir 60600/69123: min 1001219080/1000000000, global 1001219080/1000000000
  dir 60660/69123: min 1001219080/1000000000, global 1001219080/1000000000
  dir 60720/69123: min 1001219080/1000000000, global 1001219080/1000000000
  dir 60780/69123: min 1001219080/1000000000, global 1001219080/1000000000
  dir 60840/69123: min 1001219080/1000000000, global 1001219080/1000000000
  dir 60900/69123: min 1001219080/1000000000, global 1001219080/1000000000
  dir 60960/69123: min 1001219080/1000000000, global 1001219080/1000000000
  dir 61020/69123: min 1001219080/1000000000, global 1001219080/1000000000
  dir 61080/69123: min 1001219080/1000000000, global 1001219080/1000000000
  dir 61140/69123: min 1001219080/1000000000, global 1001219080/1000000000
  dir 61200/69123: min 1001219080/1000000000, global 1001219080/1000000000
  dir 61260/69123: min 1001219080/1000000000, global 1001219080/1000000000
  dir 61320/69123: min 1001219080/1000000000, global 1001219080/1000000000
  dir 61380/69123: min 1001219080/1000000000, global 1001219080/1000000000
  dir 61440/69123: min 1001219080/1000000000, global 1001219080/1000000000
  dir 61500/69123: min 1001219080/1000000000, global 1001219080/1000000000
  dir 61560/69123: min 1001219080/1000000000, global 1001219080/1000000000
  dir 61620/69123: min 1001219080/1000000000, global 1001219080/1000000000
  dir 61680/69123: min 1001219080/1000000000, global 1001219080/1000000000
  dir 61740/69123: min 1001219080/1000000000, global 1001219080/1000000000
  dir 61800/69123: min 1001219080/1000000000, global 1001219080/1000000000
  dir 61860/69123: min 1001219080/1000000000, global 1001219080/1000000000
  dir 61920/69123: min 1001219080/1000000000, global 1001219080/1000000000
  dir 61980/69123: min 1001219080/1000000000, global 1001219080/1000000000
  dir 62040/69123: min 1001219080/1000000000, global 1001219080/1000000000
  dir 62100/69123: min 1001219080/1000000000, global 1001219080/1000000000
  dir 62160/69123: min 1001219080/1000000000, global 1001219080/1000000000
  dir 62220/69123: min 1001219080/1000000000, global 1001219080/1000000000
  dir 62280/69123: min 1001219080/1000000000, global 1001219080/1000000000
  dir 62340/69123: min 1001219080/1000000000, global 1001219080/1000000000
  dir 62400/69123: min 1001219080/1000000000, global 1001219080/1000000000
  dir 62460/69123: min 1001219080/1000000000, global 1001219080/1000000000
  dir 62520/69123: min 1001219080/1000000000, global 1001219080/1000000000
  dir 62580/69123: min 1001219080/1000000000, global 1001219080/1000000000
  dir 62640/69123: min 1001219080/1000000000, global 1001219080/1000000000
  dir 62700/69123: min 1001219080/1000000000, global 1001219080/1000000000
  dir 62760/69123: min 1001219080/1000000000, global 1001219080/1000000000
  dir 62820/69123: min 1001219080/1000000000, global 1001219080/1000000000
  dir 62880/69123: min 1001219080/1000000000, global 1001219080/1000000000
  dir 62940/69123: min 1001219080/1000000000, global 1001219080/1000000000
  dir 63000/69123: min 1001219080/1000000000, global 1001219080/1000000000
  dir 63060/69123: min 1001219080/1000000000, global 1001219080/1000000000
  dir 63120/69123: min 1001219080/1000000000, global 1001219080/1000000000
  dir 63180/69123: min 1001219080/1000000000, global 1001219080/1000000000
  dir 63240/69123: min 1001219080/1000000000, global 1001219080/1000000000
  dir 63300/69123: min 1001219080/1000000000, global 1001219080/1000000000
  dir 63360/69123: min 1001219080/1000000000, global 1001219080/1000000000
  dir 63420/69123: min 1001219080/1000000000, global 1001219080/1000000000
  dir 63480/69123: min 1001219080/1000000000, global 1001219080/1000000000
  dir 63540/69123: min 1001219080/1000000000, global 1001219080/1000000000
  dir 63600/69123: min 1001219080/1000000000, global 1001219080/1000000000
  dir 63660/69123: min 1001219080/1000000000, global 1001219080/1000000000
  dir 63720/69123: min 1001219080/1000000000, global 1001219080/1000000000
  dir 63780/69123: min 1001219080/1000000000, global 1001219080/1000000000
  dir 63840/69123: min 1001219080/1000000000, global 1001219080/1000000000
  dir 63900/69123: min 1001219080/1000000000, global 1001219080/1000000000
  dir 63960/69123: min 1001219080/1000000000, global 1001219080/1000000000
  dir 64020/69123: min 1001219080/1000000000, global 1001219080/1000000000
  dir 64080/69123: min 1001219080/1000000000, global 1001219080/1000000000
  dir 64140/69123: min 1001219080/1000000000, global 1001219080/1000000000
  dir 64200/69123: min 1001219080/1000000000, global 1001219080/1000000000
  dir 64260/69123: min 1001219080/1000000000, global 1001219080/1000000000
  dir 64320/69123: min 1001219080/1000000000, global 1001219080/1000000000
  dir 64380/69123: min 1001219080/1000000000, global 1001219080/1000000000
  dir 64440/69123: min 1001219080/1000000000, global 1001219080/1000000000
  dir 64500/69123: min 1001219080/1000000000, global 1001219080/1000000000
  dir 64560/69123: min 1001219080/1000000000, global 1001219080/1000000000
  dir 64620/69123: min 1001219080/1000000000, global 1001219080/1000000000
  dir 64680/69123: min 1001219080/1000000000, global 1001219080/1000000000
  dir 64740/69123: min 1001219080/1000000000, global 1001219080/1000000000
  dir 64800/69123: min 1001219080/1000000000, global 1001219080/1000000000
  dir 64860/69123: min 1001219080/1000000000, global 1001219080/1000000000
  dir 64920/69123: min 1001219080/1000000000, global 1001219080/1000000000
  dir 64980/69123: min 1001219080/1000000000, global 1001219080/1000000000
  dir 65040/69123: min 1001219080/1000000000, global 1001219080/1000000000
  dir 65100/69123: min 1001219080/1000000000, global 1001219080/1000000000
  dir 65160/69123: min 1001219080/1000000000, global 1001219080/1000000000
  dir 65220/69123: min 1001219080/1000000000, global 1001219080/1000000000
  dir 65280/69123: min 1001219080/1000000000, global 1001219080/1000000000
  dir 65340/69123: min 1001219080/1000000000, global 1001219080/1000000000
  dir 65400/69123: min 1001219080/1000000000, global 1001219080/1000000000
  dir 65460/69123: min 1001219080/1000000000, global 1001219080/1000000000
  dir 65520/69123: min 1001219080/1000000000, global 1001219080/1000000000
  dir 65580/69123: min 1001219080/1000000000, global 1001219080/1000000000
  dir 65640/69123: min 1001219080/1000000000, global 1001219080/1000000000
  dir 65700/69123: min 1001219080/1000000000, global 1001219080/1000000000
  dir 65760/69123: min 1001219080/1000000000, global 1001219080/1000000000
  dir 65820/69123: min 1001219080/1000000000, global 1001219080/1000000000
  dir 65880/69123: min 1001219080/1000000000, global 1001219080/1000000000
  dir 65940/69123: min 1001219080/1000000000, global 1001219080/1000000000
  dir 66000/69123: min 1001219080/1000000000, global 1001219080/1000000000
  dir 66060/69123: min 1001219080/1000000000, global 1001219080/1000000000
  dir 66120/69123: min 1001219080/1000000000, global 1001219080/1000000000
  dir 66180/69123: min 1001219080/1000000000, global 1001219080/1000000000
  dir 66240/69123: min 1001219080/1000000000, global 1001219080/1000000000
  dir 66300/69123: min 1001219080/1000000000, global 1001219080/1000000000
  dir 66360/69123: min 1001219080/1000000000, global 1001219080/1000000000
  dir 66420/69123: min 1001219080/1000000000, global 1001219080/1000000000
  dir 66480/69123: min 1001219080/1000000000, global 1001219080/1000000000
  dir 66540/69123: min 1001219080/1000000000, global 1001219080/1000000000
  dir 66600/69123: min 1001219080/1000000000, global 1001219080/1000000000
  dir 66660/69123: min 1001219080/1000000000, global 1001219080/1000000000
  dir 66720/69123: min 1001219080/1000000000, global 1001219080/1000000000
  dir 66780/69123: min 1001219080/1000000000, global 1001219080/1000000000
  dir 66840/69123: min 1001219080/1000000000, global 1001219080/1000000000
  dir 66900/69123: min 1001219080/1000000000, global 1001219080/1000000000
  dir 66960/69123: min 1001219080/1000000000, global 1001219080/1000000000
  dir 67020/69123: min 1001219080/1000000000, global 1001219080/1000000000
  dir 67080/69123: min 1001219080/1000000000, global 1001219080/1000000000
  dir 67140/69123: min 1001219080/1000000000, global 1001219080/1000000000
  dir 67200/69123: min 1001219080/1000000000, global 1001219080/1000000000
  dir 67260/69123: min 1001219080/1000000000, global 1001219080/1000000000
  dir 67320/69123: min 1001219080/1000000000, global 1001219080/1000000000
  dir 67380/69123: min 1001219080/1000000000, global 1001219080/1000000000
  dir 67440/69123: min 1001219080/1000000000, global 1001219080/1000000000
  dir 67500/69123: min 1001219080/1000000000, global 1001219080/1000000000
  dir 67560/69123: min 1001219080/1000000000, global 1001219080/1000000000
  dir 67620/69123: min 1001219080/1000000000, global 1001219080/1000000000
  dir 67680/69123: min 1001219080/1000000000, global 1001219080/1000000000
  dir 67740/69123: min 1001219080/1000000000, global 1001219080/1000000000
  dir 67800/69123: min 1001219080/1000000000, global 1001219080/1000000000
  dir 67860/69123: min 1001219080/1000000000, global 1001219080/1000000000
  dir 67920/69123: min 1001219080/1000000000, global 1001219080/1000000000
  dir 67980/69123: min 1001219080/1000000000, global 1001219080/1000000000
  dir 68040/69123: min 1001219080/1000000000, global 1001219080/1000000000
  dir 68100/69123: min 1001219080/1000000000, global 1001219080/1000000000
  dir 68160/69123: min 1001219080/1000000000, global 1001219080/1000000000
  dir 68220/69123: min 1001219080/1000000000, global 1001219080/1000000000
  dir 68280/69123: min 1001219080/1000000000, global 1001219080/1000000000
  dir 68340/69123: min 1001219080/1000000000, global 1001219080/1000000000
  dir 68400/69123: min 1001219080/1000000000, global 1001219080/1000000000
  dir 68460/69123: min 1001219080/1000000000, global 1001219080/1000000000
  dir 68520/69123: min 1001219080/1000000000, global 1001219080/1000000000
  dir 68580/69123: min 1001219080/1000000000, global 1001219080/1000000000
  dir 68640/69123: min 1001219080/1000000000, global 1001219080/1000000000
  dir 68700/69123: min 1001219080/1000000000, global 1001219080/1000000000
  dir 68760/69123: min 1001219080/1000000000, global 1001219080/1000000000
  dir 68820/69123: min 1001219080/1000000000, global 1001219080/1000000000
  dir 68880/69123: min 1001219080/1000000000, global 1001219080/1000000000
  dir 68940/69123: min 1001219080/1000000000, global 1001219080/1000000000
  dir 69000/69123: min 1001219080/1000000000, global 1001219080/1000000000
  dir 69060/69123: min 1001219080/1000000000, global 1001219080/1000000000
  dir 69120/69123: min 1001219080/1000000000, global 1001219080/1000000000
minimum score = 1001219080/1000000000 = 1.001219
CERTIFICATE: PASS -> s(17) >= 922621/200000 = 4.613105
RANGE_RESULT PASS 1001219080 1000000000
atoms = 387, total = 16999900220/1000000000 = 16.999900
net = 92161, B(1+D) = 0.999804493611 (< 1: True)
  dir 69180/92161: min 1001219080/1000000000, global 1001219080/1000000000
  dir 69240/92161: min 1001219080/1000000000, global 1001219080/1000000000
  dir 69300/92161: min 1001219080/1000000000, global 1001219080/1000000000
  dir 69360/92161: min 1001219080/1000000000, global 1001219080/1000000000
  dir 69420/92161: min 1001219080/1000000000, global 1001219080/1000000000
  dir 69480/92161: min 1001219080/1000000000, global 1001219080/1000000000
  dir 69540/92161: min 1001219080/1000000000, global 1001219080/1000000000
  dir 69600/92161: min 1001219080/1000000000, global 1001219080/1000000000
  dir 69660/92161: min 1001219080/1000000000, global 1001219080/1000000000
  dir 69720/92161: min 1001219080/1000000000, global 1001219080/1000000000
  dir 69780/92161: min 1001219080/1000000000, global 1001219080/1000000000
  dir 69840/92161: min 1001219080/1000000000, global 1001219080/1000000000
  dir 69900/92161: min 1001219080/1000000000, global 1001219080/1000000000
  dir 69960/92161: min 1001219080/1000000000, global 1001219080/1000000000
  dir 70020/92161: min 1001219080/1000000000, global 1001219080/1000000000
  dir 70080/92161: min 1001219080/1000000000, global 1001219080/1000000000
  dir 70140/92161: min 1001219080/1000000000, global 1001219080/1000000000
  dir 70200/92161: min 1001219080/1000000000, global 1001219080/1000000000
  dir 70260/92161: min 1001219080/1000000000, global 1001219080/1000000000
  dir 70320/92161: min 1001219080/1000000000, global 1001219080/1000000000
  dir 70380/92161: min 1001219080/1000000000, global 1001219080/1000000000
  dir 70440/92161: min 1001219080/1000000000, global 1001219080/1000000000
  dir 70500/92161: min 1001219080/1000000000, global 1001219080/1000000000
  dir 70560/92161: min 1001219080/1000000000, global 1001219080/1000000000
  dir 70620/92161: min 1001219080/1000000000, global 1001219080/1000000000
  dir 70680/92161: min 1001219080/1000000000, global 1001219080/1000000000
  dir 70740/92161: min 1001219080/1000000000, global 1001219080/1000000000
  dir 70800/92161: min 1001219080/1000000000, global 1001219080/1000000000
  dir 70860/92161: min 1001219080/1000000000, global 1001219080/1000000000
  dir 70920/92161: min 1001219080/1000000000, global 1001219080/1000000000
  dir 70980/92161: min 1001219080/1000000000, global 1001219080/1000000000
  dir 71040/92161: min 1001219080/1000000000, global 1001219080/1000000000
  dir 71100/92161: min 1001219080/1000000000, global 1001219080/1000000000
  dir 71160/92161: min 1001219080/1000000000, global 1001219080/1000000000
  dir 71220/92161: min 1001219080/1000000000, global 1001219080/1000000000
  dir 71280/92161: min 1001219080/1000000000, global 1001219080/1000000000
  dir 71340/92161: min 1001219080/1000000000, global 1001219080/1000000000
  dir 71400/92161: min 1001219080/1000000000, global 1001219080/1000000000
  dir 71460/92161: min 1001219080/1000000000, global 1001219080/1000000000
  dir 71520/92161: min 1001219080/1000000000, global 1001219080/1000000000
  dir 71580/92161: min 1001219080/1000000000, global 1001219080/1000000000
  dir 71640/92161: min 1001219080/1000000000, global 1001219080/1000000000
  dir 71700/92161: min 1001219080/1000000000, global 1001219080/1000000000
  dir 71760/92161: min 1001219080/1000000000, global 1001219080/1000000000
  dir 71820/92161: min 1001219080/1000000000, global 1001219080/1000000000
  dir 71880/92161: min 1001219080/1000000000, global 1001219080/1000000000
  dir 71940/92161: min 1001219080/1000000000, global 1001219080/1000000000
  dir 72000/92161: min 1001219080/1000000000, global 1001219080/1000000000
  dir 72060/92161: min 1001219080/1000000000, global 1001219080/1000000000
  dir 72120/92161: min 1001219080/1000000000, global 1001219080/1000000000
  dir 72180/92161: min 1001219080/1000000000, global 1001219080/1000000000
  dir 72240/92161: min 1001219080/1000000000, global 1001219080/1000000000
  dir 72300/92161: min 1001219080/1000000000, global 1001219080/1000000000
  dir 72360/92161: min 1001219080/1000000000, global 1001219080/1000000000
  dir 72420/92161: min 1001219080/1000000000, global 1001219080/1000000000
  dir 72480/92161: min 1001219080/1000000000, global 1001219080/1000000000
  dir 72540/92161: min 1001219080/1000000000, global 1001219080/1000000000
  dir 72600/92161: min 1001219080/1000000000, global 1001219080/1000000000
  dir 72660/92161: min 1001219080/1000000000, global 1001219080/1000000000
  dir 72720/92161: min 1001219080/1000000000, global 1001219080/1000000000
  dir 72780/92161: min 1001219080/1000000000, global 1001219080/1000000000
  dir 72840/92161: min 1001219080/1000000000, global 1001219080/1000000000
  dir 72900/92161: min 1001219080/1000000000, global 1001219080/1000000000
  dir 72960/92161: min 1001219080/1000000000, global 1001219080/1000000000
  dir 73020/92161: min 1001219080/1000000000, global 1001219080/1000000000
  dir 73080/92161: min 1001219080/1000000000, global 1001219080/1000000000
  dir 73140/92161: min 1001219080/1000000000, global 1001219080/1000000000
  dir 73200/92161: min 1001219080/1000000000, global 1001219080/1000000000
  dir 73260/92161: min 1001219080/1000000000, global 1001219080/1000000000
  dir 73320/92161: min 1001219080/1000000000, global 1001219080/1000000000
  dir 73380/92161: min 1001219080/1000000000, global 1001219080/1000000000
  dir 73440/92161: min 1001219080/1000000000, global 1001219080/1000000000
  dir 73500/92161: min 1001219080/1000000000, global 1001219080/1000000000
  dir 73560/92161: min 1001219080/1000000000, global 1001219080/1000000000
  dir 73620/92161: min 1001219080/1000000000, global 1001219080/1000000000
  dir 73680/92161: min 1001219080/1000000000, global 1001219080/1000000000
  dir 73740/92161: min 1001219080/1000000000, global 1001219080/1000000000
  dir 73800/92161: min 1001219080/1000000000, global 1001219080/1000000000
  dir 73860/92161: min 1001219080/1000000000, global 1001219080/1000000000
  dir 73920/92161: min 1001219080/1000000000, global 1001219080/1000000000
  dir 73980/92161: min 1001219080/1000000000, global 1001219080/1000000000
  dir 74040/92161: min 1001219080/1000000000, global 1001219080/1000000000
  dir 74100/92161: min 1001219080/1000000000, global 1001219080/1000000000
  dir 74160/92161: min 1001219080/1000000000, global 1001219080/1000000000
  dir 74220/92161: min 1001219080/1000000000, global 1001219080/1000000000
  dir 74280/92161: min 1001219080/1000000000, global 1001219080/1000000000
  dir 74340/92161: min 1001219080/1000000000, global 1001219080/1000000000
  dir 74400/92161: min 1001219080/1000000000, global 1001219080/1000000000
  dir 74460/92161: min 1001219080/1000000000, global 1001219080/1000000000
  dir 74520/92161: min 1001219080/1000000000, global 1001219080/1000000000
  dir 74580/92161: min 1001219080/1000000000, global 1001219080/1000000000
  dir 74640/92161: min 1001219080/1000000000, global 1001219080/1000000000
  dir 74700/92161: min 1001219080/1000000000, global 1001219080/1000000000
  dir 74760/92161: min 1001219080/1000000000, global 1001219080/1000000000
  dir 74820/92161: min 1001219080/1000000000, global 1001219080/1000000000
  dir 74880/92161: min 1001219080/1000000000, global 1001219080/1000000000
  dir 74940/92161: min 1001219080/1000000000, global 1001219080/1000000000
  dir 75000/92161: min 1001219080/1000000000, global 1001219080/1000000000
  dir 75060/92161: min 1001219080/1000000000, global 1001219080/1000000000
  dir 75120/92161: min 1001219080/1000000000, global 1001219080/1000000000
  dir 75180/92161: min 1001219080/1000000000, global 1001219080/1000000000
  dir 75240/92161: min 1001219080/1000000000, global 1001219080/1000000000
  dir 75300/92161: min 1001219080/1000000000, global 1001219080/1000000000
  dir 75360/92161: min 1001219080/1000000000, global 1001219080/1000000000
  dir 75420/92161: min 1001219080/1000000000, global 1001219080/1000000000
  dir 75480/92161: min 1001219080/1000000000, global 1001219080/1000000000
  dir 75540/92161: min 1001219080/1000000000, global 1001219080/1000000000
  dir 75600/92161: min 1001219080/1000000000, global 1001219080/1000000000
  dir 75660/92161: min 1001219080/1000000000, global 1001219080/1000000000
  dir 75720/92161: min 1001219080/1000000000, global 1001219080/1000000000
  dir 75780/92161: min 1001219080/1000000000, global 1001219080/1000000000
  dir 75840/92161: min 1001219080/1000000000, global 1001219080/1000000000
  dir 75900/92161: min 1001219080/1000000000, global 1001219080/1000000000
  dir 75960/92161: min 1001219080/1000000000, global 1001219080/1000000000
  dir 76020/92161: min 1001219080/1000000000, global 1001219080/1000000000
  dir 76080/92161: min 1001219080/1000000000, global 1001219080/1000000000
  dir 76140/92161: min 1001219080/1000000000, global 1001219080/1000000000
  dir 76200/92161: min 1001219080/1000000000, global 1001219080/1000000000
  dir 76260/92161: min 1001219080/1000000000, global 1001219080/1000000000
  dir 76320/92161: min 1001219080/1000000000, global 1001219080/1000000000
  dir 76380/92161: min 1001219080/1000000000, global 1001219080/1000000000
  dir 76440/92161: min 1001219080/1000000000, global 1001219080/1000000000
  dir 76500/92161: min 1001219080/1000000000, global 1001219080/1000000000
  dir 76560/92161: min 1001219080/1000000000, global 1001219080/1000000000
  dir 76620/92161: min 1001219080/1000000000, global 1001219080/1000000000
  dir 76680/92161: min 1001219080/1000000000, global 1001219080/1000000000
  dir 76740/92161: min 1001219080/1000000000, global 1001219080/1000000000
  dir 76800/92161: min 1001219080/1000000000, global 1001219080/1000000000
  dir 76860/92161: min 1001219080/1000000000, global 1001219080/1000000000
  dir 76920/92161: min 1001219080/1000000000, global 1001219080/1000000000
  dir 76980/92161: min 1001219080/1000000000, global 1001219080/1000000000
  dir 77040/92161: min 1001219080/1000000000, global 1001219080/1000000000
  dir 77100/92161: min 1001219080/1000000000, global 1001219080/1000000000
  dir 77160/92161: min 1001219080/1000000000, global 1001219080/1000000000
  dir 77220/92161: min 1001219080/1000000000, global 1001219080/1000000000
  dir 77280/92161: min 1001219080/1000000000, global 1001219080/1000000000
  dir 77340/92161: min 1001219080/1000000000, global 1001219080/1000000000
  dir 77400/92161: min 1001219080/1000000000, global 1001219080/1000000000
  dir 77460/92161: min 1001219080/1000000000, global 1001219080/1000000000
  dir 77520/92161: min 1001219080/1000000000, global 1001219080/1000000000
  dir 77580/92161: min 1001219080/1000000000, global 1001219080/1000000000
  dir 77640/92161: min 1001219080/1000000000, global 1001219080/1000000000
  dir 77700/92161: min 1001219080/1000000000, global 1001219080/1000000000
  dir 77760/92161: min 1001219080/1000000000, global 1001219080/1000000000
  dir 77820/92161: min 1001219080/1000000000, global 1001219080/1000000000
  dir 77880/92161: min 1001219080/1000000000, global 1001219080/1000000000
  dir 77940/92161: min 1001219080/1000000000, global 1001219080/1000000000
  dir 78000/92161: min 1001219080/1000000000, global 1001219080/1000000000
  dir 78060/92161: min 1001219080/1000000000, global 1001219080/1000000000
  dir 78120/92161: min 1001219080/1000000000, global 1001219080/1000000000
  dir 78180/92161: min 1001219080/1000000000, global 1001219080/1000000000
  dir 78240/92161: min 1001219080/1000000000, global 1001219080/1000000000
  dir 78300/92161: min 1001219080/1000000000, global 1001219080/1000000000
  dir 78360/92161: min 1001219080/1000000000, global 1001219080/1000000000
  dir 78420/92161: min 1001219080/1000000000, global 1001219080/1000000000
  dir 78480/92161: min 1001219080/1000000000, global 1001219080/1000000000
  dir 78540/92161: min 1001219080/1000000000, global 1001219080/1000000000
  dir 78600/92161: min 1001219080/1000000000, global 1001219080/1000000000
  dir 78660/92161: min 1001219080/1000000000, global 1001219080/1000000000
  dir 78720/92161: min 1001219080/1000000000, global 1001219080/1000000000
  dir 78780/92161: min 1001219080/1000000000, global 1001219080/1000000000
  dir 78840/92161: min 1001219080/1000000000, global 1001219080/1000000000
  dir 78900/92161: min 1001219080/1000000000, global 1001219080/1000000000
  dir 78960/92161: min 1001219080/1000000000, global 1001219080/1000000000
  dir 79020/92161: min 1001219080/1000000000, global 1001219080/1000000000
  dir 79080/92161: min 1001219080/1000000000, global 1001219080/1000000000
  dir 79140/92161: min 1001219080/1000000000, global 1001219080/1000000000
  dir 79200/92161: min 1001219080/1000000000, global 1001219080/1000000000
  dir 79260/92161: min 1001219080/1000000000, global 1001219080/1000000000
  dir 79320/92161: min 1001219080/1000000000, global 1001219080/1000000000
  dir 79380/92161: min 1001219080/1000000000, global 1001219080/1000000000
  dir 79440/92161: min 1001219080/1000000000, global 1001219080/1000000000
  dir 79500/92161: min 1001219080/1000000000, global 1001219080/1000000000
  dir 79560/92161: min 1001219080/1000000000, global 1001219080/1000000000
  dir 79620/92161: min 1001219080/1000000000, global 1001219080/1000000000
  dir 79680/92161: min 1001219080/1000000000, global 1001219080/1000000000
  dir 79740/92161: min 1001219080/1000000000, global 1001219080/1000000000
  dir 79800/92161: min 1001219080/1000000000, global 1001219080/1000000000
  dir 79860/92161: min 1001219080/1000000000, global 1001219080/1000000000
  dir 79920/92161: min 1001219080/1000000000, global 1001219080/1000000000
  dir 79980/92161: min 1001219080/1000000000, global 1001219080/1000000000
  dir 80040/92161: min 1001219080/1000000000, global 1001219080/1000000000
  dir 80100/92161: min 1001219080/1000000000, global 1001219080/1000000000
  dir 80160/92161: min 1001219080/1000000000, global 1001219080/1000000000
  dir 80220/92161: min 1001219080/1000000000, global 1001219080/1000000000
  dir 80280/92161: min 1001219080/1000000000, global 1001219080/1000000000
  dir 80340/92161: min 1001219080/1000000000, global 1001219080/1000000000
  dir 80400/92161: min 1001219080/1000000000, global 1001219080/1000000000
  dir 80460/92161: min 1001219080/1000000000, global 1001219080/1000000000
  dir 80520/92161: min 1001219080/1000000000, global 1001219080/1000000000
  dir 80580/92161: min 1001219080/1000000000, global 1001219080/1000000000
  dir 80640/92161: min 1001219080/1000000000, global 1001219080/1000000000
  dir 80700/92161: min 1001219080/1000000000, global 1001219080/1000000000
  dir 80760/92161: min 1001219080/1000000000, global 1001219080/1000000000
  dir 80820/92161: min 1001219080/1000000000, global 1001219080/1000000000
  dir 80880/92161: min 1001219080/1000000000, global 1001219080/1000000000
  dir 80940/92161: min 1001219080/1000000000, global 1001219080/1000000000
  dir 81000/92161: min 1001219080/1000000000, global 1001219080/1000000000
  dir 81060/92161: min 1001219080/1000000000, global 1001219080/1000000000
  dir 81120/92161: min 1001219080/1000000000, global 1001219080/1000000000
  dir 81180/92161: min 1001219080/1000000000, global 1001219080/1000000000
  dir 81240/92161: min 1001219080/1000000000, global 1001219080/1000000000
  dir 81300/92161: min 1001219080/1000000000, global 1001219080/1000000000
  dir 81360/92161: min 1001219080/1000000000, global 1001219080/1000000000
  dir 81420/92161: min 1001219080/1000000000, global 1001219080/1000000000
  dir 81480/92161: min 1001219080/1000000000, global 1001219080/1000000000
  dir 81540/92161: min 1001219080/1000000000, global 1001219080/1000000000
  dir 81600/92161: min 1001219080/1000000000, global 1001219080/1000000000
  dir 81660/92161: min 1001219080/1000000000, global 1001219080/1000000000
  dir 81720/92161: min 1001219080/1000000000, global 1001219080/1000000000
  dir 81780/92161: min 1001219080/1000000000, global 1001219080/1000000000
  dir 81840/92161: min 1001219080/1000000000, global 1001219080/1000000000
  dir 81900/92161: min 1001219080/1000000000, global 1001219080/1000000000
  dir 81960/92161: min 1001219080/1000000000, global 1001219080/1000000000
  dir 82020/92161: min 1001219080/1000000000, global 1001219080/1000000000
  dir 82080/92161: min 1001219080/1000000000, global 1001219080/1000000000
  dir 82140/92161: min 1001219080/1000000000, global 1001219080/1000000000
  dir 82200/92161: min 1001219080/1000000000, global 1001219080/1000000000
  dir 82260/92161: min 1001219080/1000000000, global 1001219080/1000000000
  dir 82320/92161: min 1001219080/1000000000, global 1001219080/1000000000
  dir 82380/92161: min 1001219080/1000000000, global 1001219080/1000000000
  dir 82440/92161: min 1001219080/1000000000, global 1001219080/1000000000
  dir 82500/92161: min 1001219080/1000000000, global 1001219080/1000000000
  dir 82560/92161: min 1001219080/1000000000, global 1001219080/1000000000
  dir 82620/92161: min 1001219080/1000000000, global 1001219080/1000000000
  dir 82680/92161: min 1001219080/1000000000, global 1001219080/1000000000
  dir 82740/92161: min 1001219080/1000000000, global 1001219080/1000000000
  dir 82800/92161: min 1001219080/1000000000, global 1001219080/1000000000
  dir 82860/92161: min 1001219080/1000000000, global 1001219080/1000000000
  dir 82920/92161: min 1001219080/1000000000, global 1001219080/1000000000
  dir 82980/92161: min 1001219080/1000000000, global 1001219080/1000000000
  dir 83040/92161: min 1001219080/1000000000, global 1001219080/1000000000
  dir 83100/92161: min 1001219080/1000000000, global 1001219080/1000000000
  dir 83160/92161: min 1001219080/1000000000, global 1001219080/1000000000
  dir 83220/92161: min 1001219080/1000000000, global 1001219080/1000000000
  dir 83280/92161: min 1001219080/1000000000, global 1001219080/1000000000
  dir 83340/92161: min 1001219080/1000000000, global 1001219080/1000000000
  dir 83400/92161: min 1001219080/1000000000, global 1001219080/1000000000
  dir 83460/92161: min 1001219080/1000000000, global 1001219080/1000000000
  dir 83520/92161: min 1001219080/1000000000, global 1001219080/1000000000
  dir 83580/92161: min 1001219080/1000000000, global 1001219080/1000000000
  dir 83640/92161: min 1001219080/1000000000, global 1001219080/1000000000
  dir 83700/92161: min 1001219080/1000000000, global 1001219080/1000000000
  dir 83760/92161: min 1001219080/1000000000, global 1001219080/1000000000
  dir 83820/92161: min 1001219080/1000000000, global 1001219080/1000000000
  dir 83880/92161: min 1001219080/1000000000, global 1001219080/1000000000
  dir 83940/92161: min 1001219080/1000000000, global 1001219080/1000000000
  dir 84000/92161: min 1001219080/1000000000, global 1001219080/1000000000
  dir 84060/92161: min 1001219080/1000000000, global 1001219080/1000000000
  dir 84120/92161: min 1001219080/1000000000, global 1001219080/1000000000
  dir 84180/92161: min 1001219080/1000000000, global 1001219080/1000000000
  dir 84240/92161: min 1001219080/1000000000, global 1001219080/1000000000
  dir 84300/92161: min 1001219080/1000000000, global 1001219080/1000000000
  dir 84360/92161: min 1001219080/1000000000, global 1001219080/1000000000
  dir 84420/92161: min 1001219080/1000000000, global 1001219080/1000000000
  dir 84480/92161: min 1001219080/1000000000, global 1001219080/1000000000
  dir 84540/92161: min 1001219080/1000000000, global 1001219080/1000000000
  dir 84600/92161: min 1001219080/1000000000, global 1001219080/1000000000
  dir 84660/92161: min 1001219080/1000000000, global 1001219080/1000000000
  dir 84720/92161: min 1001219080/1000000000, global 1001219080/1000000000
  dir 84780/92161: min 1001219080/1000000000, global 1001219080/1000000000
  dir 84840/92161: min 1001219080/1000000000, global 1001219080/1000000000
  dir 84900/92161: min 1001219080/1000000000, global 1001219080/1000000000
  dir 84960/92161: min 1001219080/1000000000, global 1001219080/1000000000
  dir 85020/92161: min 1001219080/1000000000, global 1001219080/1000000000
  dir 85080/92161: min 1001219080/1000000000, global 1001219080/1000000000
  dir 85140/92161: min 1001219080/1000000000, global 1001219080/1000000000
  dir 85200/92161: min 1001219080/1000000000, global 1001219080/1000000000
  dir 85260/92161: min 1001219080/1000000000, global 1001219080/1000000000
  dir 85320/92161: min 1001219080/1000000000, global 1001219080/1000000000
  dir 85380/92161: min 1001219080/1000000000, global 1001219080/1000000000
  dir 85440/92161: min 1001219080/1000000000, global 1001219080/1000000000
  dir 85500/92161: min 1001219080/1000000000, global 1001219080/1000000000
  dir 85560/92161: min 1001219080/1000000000, global 1001219080/1000000000
  dir 85620/92161: min 1001219080/1000000000, global 1001219080/1000000000
  dir 85680/92161: min 1001219080/1000000000, global 1001219080/1000000000
  dir 85740/92161: min 1001219080/1000000000, global 1001219080/1000000000
  dir 85800/92161: min 1001219080/1000000000, global 1001219080/1000000000
  dir 85860/92161: min 1001219080/1000000000, global 1001219080/1000000000
  dir 85920/92161: min 1001219080/1000000000, global 1001219080/1000000000
  dir 85980/92161: min 1001219080/1000000000, global 1001219080/1000000000
  dir 86040/92161: min 1001219080/1000000000, global 1001219080/1000000000
  dir 86100/92161: min 1001219080/1000000000, global 1001219080/1000000000
  dir 86160/92161: min 1001219080/1000000000, global 1001219080/1000000000
  dir 86220/92161: min 1001219080/1000000000, global 1001219080/1000000000
  dir 86280/92161: min 1001219080/1000000000, global 1001219080/1000000000
  dir 86340/92161: min 1001219080/1000000000, global 1001219080/1000000000
  dir 86400/92161: min 1001219080/1000000000, global 1001219080/1000000000
  dir 86460/92161: min 1001219080/1000000000, global 1001219080/1000000000
  dir 86520/92161: min 1001219080/1000000000, global 1001219080/1000000000
  dir 86580/92161: min 1001219080/1000000000, global 1001219080/1000000000
  dir 86640/92161: min 1001219080/1000000000, global 1001219080/1000000000
  dir 86700/92161: min 1001219080/1000000000, global 1001219080/1000000000
  dir 86760/92161: min 1001219080/1000000000, global 1001219080/1000000000
  dir 86820/92161: min 1001219080/1000000000, global 1001219080/1000000000
  dir 86880/92161: min 1001219080/1000000000, global 1001219080/1000000000
  dir 86940/92161: min 1001219080/1000000000, global 1001219080/1000000000
  dir 87000/92161: min 1001219080/1000000000, global 1001219080/1000000000
  dir 87060/92161: min 1001219080/1000000000, global 1001219080/1000000000
  dir 87120/92161: min 1001219080/1000000000, global 1001219080/1000000000
  dir 87180/92161: min 1001219080/1000000000, global 1001219080/1000000000
  dir 87240/92161: min 1001219080/1000000000, global 1001219080/1000000000
  dir 87300/92161: min 1001219080/1000000000, global 1001219080/1000000000
  dir 87360/92161: min 1001219080/1000000000, global 1001219080/1000000000
  dir 87420/92161: min 1001219080/1000000000, global 1001219080/1000000000
  dir 87480/92161: min 1001219080/1000000000, global 1001219080/1000000000
  dir 87540/92161: min 1001219080/1000000000, global 1001219080/1000000000
  dir 87600/92161: min 1001219080/1000000000, global 1001219080/1000000000
  dir 87660/92161: min 1001219080/1000000000, global 1001219080/1000000000
  dir 87720/92161: min 1001219080/1000000000, global 1001219080/1000000000
  dir 87780/92161: min 1001219080/1000000000, global 1001219080/1000000000
  dir 87840/92161: min 1001219080/1000000000, global 1001219080/1000000000
  dir 87900/92161: min 1001219080/1000000000, global 1001219080/1000000000
  dir 87960/92161: min 1001219080/1000000000, global 1001219080/1000000000
  dir 88020/92161: min 1001219080/1000000000, global 1001219080/1000000000
  dir 88080/92161: min 1001219080/1000000000, global 1001219080/1000000000
  dir 88140/92161: min 1001219080/1000000000, global 1001219080/1000000000
  dir 88200/92161: min 1001219080/1000000000, global 1001219080/1000000000
  dir 88260/92161: min 1001219080/1000000000, global 1001219080/1000000000
  dir 88320/92161: min 1001219080/1000000000, global 1001219080/1000000000
  dir 88380/92161: min 1001219080/1000000000, global 1001219080/1000000000
  dir 88440/92161: min 1001219080/1000000000, global 1001219080/1000000000
  dir 88500/92161: min 1001219080/1000000000, global 1001219080/1000000000
  dir 88560/92161: min 1001219080/1000000000, global 1001219080/1000000000
  dir 88620/92161: min 1001219080/1000000000, global 1001219080/1000000000
  dir 88680/92161: min 1001219080/1000000000, global 1001219080/1000000000
  dir 88740/92161: min 1001219080/1000000000, global 1001219080/1000000000
  dir 88800/92161: min 1001219080/1000000000, global 1001219080/1000000000
  dir 88860/92161: min 1001219080/1000000000, global 1001219080/1000000000
  dir 88920/92161: min 1001219080/1000000000, global 1001219080/1000000000
  dir 88980/92161: min 1001219080/1000000000, global 1001219080/1000000000
  dir 89040/92161: min 1001219080/1000000000, global 1001219080/1000000000
  dir 89100/92161: min 1001219080/1000000000, global 1001219080/1000000000
  dir 89160/92161: min 1001219080/1000000000, global 1001219080/1000000000
  dir 89220/92161: min 1001219080/1000000000, global 1001219080/1000000000
  dir 89280/92161: min 1001219080/1000000000, global 1001219080/1000000000
  dir 89340/92161: min 1001219080/1000000000, global 1001219080/1000000000
  dir 89400/92161: min 1001219080/1000000000, global 1001219080/1000000000
  dir 89460/92161: min 1001219080/1000000000, global 1001219080/1000000000
  dir 89520/92161: min 1001219080/1000000000, global 1001219080/1000000000
  dir 89580/92161: min 1001219080/1000000000, global 1001219080/1000000000
  dir 89640/92161: min 1001219080/1000000000, global 1001219080/1000000000
  dir 89700/92161: min 1001219080/1000000000, global 1001219080/1000000000
  dir 89760/92161: min 1001219080/1000000000, global 1001219080/1000000000
  dir 89820/92161: min 1001219080/1000000000, global 1001219080/1000000000
  dir 89880/92161: min 1001219080/1000000000, global 1001219080/1000000000
  dir 89940/92161: min 1001219080/1000000000, global 1001219080/1000000000
  dir 90000/92161: min 1001219080/1000000000, global 1001219080/1000000000
  dir 90060/92161: min 1001219080/1000000000, global 1001219080/1000000000
  dir 90120/92161: min 1001219080/1000000000, global 1001219080/1000000000
  dir 90180/92161: min 1001219080/1000000000, global 1001219080/1000000000
  dir 90240/92161: min 1001219080/1000000000, global 1001219080/1000000000
  dir 90300/92161: min 1001219080/1000000000, global 1001219080/1000000000
  dir 90360/92161: min 1001219080/1000000000, global 1001219080/1000000000
  dir 90420/92161: min 1001219080/1000000000, global 1001219080/1000000000
  dir 90480/92161: min 1001219080/1000000000, global 1001219080/1000000000
  dir 90540/92161: min 1001219080/1000000000, global 1001219080/1000000000
  dir 90600/92161: min 1001219080/1000000000, global 1001219080/1000000000
  dir 90660/92161: min 1001219080/1000000000, global 1001219080/1000000000
  dir 90720/92161: min 1001219080/1000000000, global 1001219080/1000000000
  dir 90780/92161: min 1001219080/1000000000, global 1001219080/1000000000
  dir 90840/92161: min 1001219080/1000000000, global 1001219080/1000000000
  dir 90900/92161: min 1001219080/1000000000, global 1001219080/1000000000
  dir 90960/92161: min 1001219080/1000000000, global 1001219080/1000000000
  dir 91020/92161: min 1001219080/1000000000, global 1001219080/1000000000
  dir 91080/92161: min 1001219080/1000000000, global 1001219080/1000000000
  dir 91140/92161: min 1001219080/1000000000, global 1001219080/1000000000
  dir 91200/92161: min 1001219080/1000000000, global 1001219080/1000000000
  dir 91260/92161: min 1001219080/1000000000, global 1001219080/1000000000
  dir 91320/92161: min 1001219080/1000000000, global 1001219080/1000000000
  dir 91380/92161: min 1001219080/1000000000, global 1001219080/1000000000
  dir 91440/92161: min 1001219080/1000000000, global 1001219080/1000000000
  dir 91500/92161: min 1001219080/1000000000, global 1001219080/1000000000
  dir 91560/92161: min 1001219080/1000000000, global 1001219080/1000000000
  dir 91620/92161: min 1001219080/1000000000, global 1001219080/1000000000
  dir 91680/92161: min 1001219080/1000000000, global 1001219080/1000000000
  dir 91740/92161: min 1001219080/1000000000, global 1001219080/1000000000
  dir 91800/92161: min 1001219080/1000000000, global 1001219080/1000000000
  dir 91860/92161: min 1001219080/1000000000, global 1001219080/1000000000
  dir 91920/92161: min 1001219080/1000000000, global 1001219080/1000000000
  dir 91980/92161: min 1001219080/1000000000, global 1001219080/1000000000
  dir 92040/92161: min 1001219080/1000000000, global 1001219080/1000000000
  dir 92100/92161: min 1001219080/1000000000, global 1001219080/1000000000
  dir 92160/92161: min 1001219080/1000000000, global 1001219080/1000000000
minimum score = 1001219080/1000000000 = 1.001219
CERTIFICATE: PASS -> s(17) >= 922621/200000 = 4.613105
RANGE_RESULT PASS 1001219080 1000000000
combined: PASS, min score 1000222750/1000000000
